Year,Month,Division,Lat,Log,Crime Type,Reported Number,Notes
2011,1,Karachi,24.8605,67.0261,Murder,23,"File for 1 2011 not available, calculated using formula: Cuml Feb-feb value"
2011,1,Karachi,24.8605,67.0261,Murder in the form of target killing,3,"File for 1 2011 not available, calculated using formula: Cuml Feb-feb value"
2011,1,Karachi,24.8605,67.0261,Murder during dacoity/robbery,2,"File for 1 2011 not available, calculated using formula: Cuml Feb-feb value"
2011,1,Karachi,24.8605,67.0261,Highway dacoity/robbery,0,"File for 1 2011 not available, calculated using formula: Cuml Feb-feb value"
2011,1,Karachi,24.8605,67.0261,Bank dacoity/robbery,0,"File for 1 2011 not available, calculated using formula: Cuml Feb-feb value"
2011,1,Karachi,24.8605,67.0261,Car snatching,11,"File for 1 2011 not available, calculated using formula: Cuml Feb-feb value"
2011,1,Karachi,24.8844,67.1443,Murder,42,"File for 1 2011 not available, calculated using formula: Cuml Feb-feb value"
2011,1,Karachi,24.8844,67.1443,Murder in the form of target killing,2,"File for 1 2011 not available, calculated using formula: Cuml Feb-feb value"
2011,1,Karachi,24.8844,67.1443,Murder during dacoity/robbery,2,"File for 1 2011 not available, calculated using formula: Cuml Feb-feb value"
2011,1,Karachi,24.8844,67.1443,Highway dacoity/robbery,8,"File for 1 2011 not available, calculated using formula: Cuml Feb-feb value"
2011,1,Karachi,24.8844,67.1443,Bank dacoity/robbery,1,"File for 1 2011 not available, calculated using formula: Cuml Feb-feb value"
2011,1,Karachi,24.8844,67.1443,Car snatching,38,"File for 1 2011 not available, calculated using formula: Cuml Feb-feb value"
2011,1,Karachi,24.8829,66.9748,Murder,40,"File for 1 2011 not available, calculated using formula: Cuml Feb-feb value"
2011,1,Karachi,24.8829,66.9748,Murder in the form of target killing,4,"File for 1 2011 not available, calculated using formula: Cuml Feb-feb value"
2011,1,Karachi,24.8829,66.9748,Murder during dacoity/robbery,1,"File for 1 2011 not available, calculated using formula: Cuml Feb-feb value"
2011,1,Karachi,24.8829,66.9748,Highway dacoity/robbery,0,"File for 1 2011 not available, calculated using formula: Cuml Feb-feb value"
2011,1,Karachi,24.8829,66.9748,Bank dacoity/robbery,1,"File for 1 2011 not available, calculated using formula: Cuml Feb-feb value"
2011,1,Karachi,24.8829,66.9748,Car snatching,15,"File for 1 2011 not available, calculated using formula: Cuml Feb-feb value"
2011,2,Karachi,24.8605,67.0261,Murder,18,
2011,2,Karachi,24.8605,67.0261,Murder in the form of target killing,0,
2011,2,Karachi,24.8605,67.0261,Murder during dacoity/robbery,4,
2011,2,Karachi,24.8605,67.0261,Highway dacoity/robbery,0,
2011,2,Karachi,24.8605,67.0261,Bank dacoity/robbery,0,
2011,2,Karachi,24.8605,67.0261,Car snatching,3,
2011,2,Karachi,24.8844,67.1443,Murder,48,
2011,2,Karachi,24.8844,67.1443,Murder in the form of target killing,2,
2011,2,Karachi,24.8844,67.1443,Murder during dacoity/robbery,4,
2011,2,Karachi,24.8844,67.1443,Highway dacoity/robbery,9,
2011,2,Karachi,24.8844,67.1443,Bank dacoity/robbery,0,
2011,2,Karachi,24.8844,67.1443,Car snatching,30,
2011,2,Karachi,24.8829,66.9748,Murder,29,
2011,2,Karachi,24.8829,66.9748,Murder in the form of target killing,0,
2011,2,Karachi,24.8829,66.9748,Murder during dacoity/robbery,3,
2011,2,Karachi,24.8829,66.9748,Highway dacoity/robbery,0,
2011,2,Karachi,24.8829,66.9748,Bank dacoity/robbery,0,
2011,2,Karachi,24.8829,66.9748,Car snatching,20,
2011,3,Karachi,24.8605,67.0261,Murder,18,
2011,3,Karachi,24.8605,67.0261,Murder in the form of target killing,0,
2011,3,Karachi,24.8605,67.0261,Murder during dacoity/robbery,4,
2011,3,Karachi,24.8605,67.0261,Highway dacoity/robbery,0,
2011,3,Karachi,24.8605,67.0261,Bank dacoity/robbery,0,
2011,3,Karachi,24.8605,67.0261,Car snatching,3,
2011,3,Karachi,24.8844,67.1443,Murder,48,
2011,3,Karachi,24.8844,67.1443,Murder in the form of target killing,2,
2011,3,Karachi,24.8844,67.1443,Murder during dacoity/robbery,4,
2011,3,Karachi,24.8844,67.1443,Highway dacoity/robbery,9,
2011,3,Karachi,24.8844,67.1443,Bank dacoity/robbery,0,
2011,3,Karachi,24.8844,67.1443,Car snatching,30,
2011,3,Karachi,24.8829,66.9748,Murder,29,
2011,3,Karachi,24.8829,66.9748,Murder in the form of target killing,0,
2011,3,Karachi,24.8829,66.9748,Murder during dacoity/robbery,3,
2011,3,Karachi,24.8829,66.9748,Highway dacoity/robbery,0,
2011,3,Karachi,24.8829,66.9748,Bank dacoity/robbery,0,
2011,3,Karachi,24.8829,66.9748,Car snatching,20,
2011,4,Karachi,24.8605,67.0261,Murder,32,
2011,4,Karachi,24.8605,67.0261,Murder in the form of target killing,4,
2011,4,Karachi,24.8605,67.0261,Murder during dacoity/robbery,4,
2011,4,Karachi,24.8605,67.0261,Highway dacoity/robbery,0,
2011,4,Karachi,24.8605,67.0261,Bank dacoity/robbery,1,
2011,4,Karachi,24.8605,67.0261,Car snatching,8,
2011,4,Karachi,24.8844,67.1443,Murder,60,
2011,4,Karachi,24.8844,67.1443,Murder in the form of target killing,5,
2011,4,Karachi,24.8844,67.1443,Murder during dacoity/robbery,2,
2011,4,Karachi,24.8844,67.1443,Highway dacoity/robbery,3,
2011,4,Karachi,24.8844,67.1443,Bank dacoity/robbery,1,
2011,4,Karachi,24.8844,67.1443,Car snatching,22,
2011,4,Karachi,24.8829,66.9748,Murder,36,
2011,4,Karachi,24.8829,66.9748,Murder in the form of target killing,2,
2011,4,Karachi,24.8829,66.9748,Murder during dacoity/robbery,1,
2011,4,Karachi,24.8829,66.9748,Highway dacoity/robbery,0,
2011,4,Karachi,24.8829,66.9748,Bank dacoity/robbery,0,
2011,4,Karachi,24.8829,66.9748,Car snatching,14,
2011,5,Karachi,24.8605,67.0261,Murder,35,
2011,5,Karachi,24.8605,67.0261,Murder in the form of target killing,2,
2011,5,Karachi,24.8605,67.0261,Murder during dacoity/robbery,1,
2011,5,Karachi,24.8605,67.0261,Highway dacoity/robbery,0,
2011,5,Karachi,24.8605,67.0261,Bank dacoity/robbery,0,
2011,5,Karachi,24.8605,67.0261,Car snatching,4,
2011,5,Karachi,24.8844,67.1443,Murder,43,
2011,5,Karachi,24.8844,67.1443,Murder in the form of target killing,1,
2011,5,Karachi,24.8844,67.1443,Murder during dacoity/robbery,2,
2011,5,Karachi,24.8844,67.1443,Highway dacoity/robbery,1,
2011,5,Karachi,24.8844,67.1443,Bank dacoity/robbery,0,
2011,5,Karachi,24.8844,67.1443,Car snatching,46,
2011,5,Karachi,24.8829,66.9748,Murder,44,
2011,5,Karachi,24.8829,66.9748,Murder in the form of target killing,2,
2011,5,Karachi,24.8829,66.9748,Murder during dacoity/robbery,3,
2011,5,Karachi,24.8829,66.9748,Highway dacoity/robbery,0,
2011,5,Karachi,24.8829,66.9748,Bank dacoity/robbery,0,
2011,5,Karachi,24.8829,66.9748,Car snatching,8,
2011,6,Karachi,24.8605,67.0261,Murder,52,
2011,6,Karachi,24.8605,67.0261,Murder in the form of target killing,2,
2011,6,Karachi,24.8605,67.0261,Murder during dacoity/robbery,1,
2011,6,Karachi,24.8605,67.0261,Highway dacoity/robbery,0,
2011,6,Karachi,24.8605,67.0261,Bank dacoity/robbery,0,
2011,6,Karachi,24.8605,67.0261,Car snatching,8,
2011,6,Karachi,24.8844,67.1443,Murder,67,
2011,6,Karachi,24.8844,67.1443,Murder in the form of target killing,2,
2011,6,Karachi,24.8844,67.1443,Murder during dacoity/robbery,5,
2011,6,Karachi,24.8844,67.1443,Highway dacoity/robbery,1,
2011,6,Karachi,24.8844,67.1443,Bank dacoity/robbery,0,
2011,6,Karachi,24.8844,67.1443,Car snatching,29,
2011,6,Karachi,24.8829,66.9748,Murder,57,
2011,6,Karachi,24.8829,66.9748,Murder in the form of target killing,2,
2011,6,Karachi,24.8829,66.9748,Murder during dacoity/robbery,3,
2011,6,Karachi,24.8829,66.9748,Highway dacoity/robbery,0,
2011,6,Karachi,24.8829,66.9748,Bank dacoity/robbery,0,
2011,6,Karachi,24.8829,66.9748,Car snatching,5,
2011,7,Karachi,24.8605,67.0261,Murder,65,
2011,7,Karachi,24.8605,67.0261,Murder in the form of target killing,1,
2011,7,Karachi,24.8605,67.0261,Murder during dacoity/robbery,1,
2011,7,Karachi,24.8605,67.0261,Highway dacoity/robbery,0,
2011,7,Karachi,24.8605,67.0261,Bank dacoity/robbery,0,
2011,7,Karachi,24.8605,67.0261,Car snatching,6,
2011,7,Karachi,24.8844,67.1443,Murder,79,
2011,7,Karachi,24.8844,67.1443,Murder in the form of target killing,4,
2011,7,Karachi,24.8844,67.1443,Murder during dacoity/robbery,6,
2011,7,Karachi,24.8844,67.1443,Highway dacoity/robbery,0,
2011,7,Karachi,24.8844,67.1443,Bank dacoity/robbery,0,
2011,7,Karachi,24.8844,67.1443,Car snatching,28,
2011,7,Karachi,24.8829,66.9748,Murder,107,
2011,7,Karachi,24.8829,66.9748,Murder in the form of target killing,1,
2011,7,Karachi,24.8829,66.9748,Murder during dacoity/robbery,0,
2011,7,Karachi,24.8829,66.9748,Highway dacoity/robbery,0,
2011,7,Karachi,24.8829,66.9748,Bank dacoity/robbery,0,
2011,7,Karachi,24.8829,66.9748,Car snatching,13,
2011,8,Karachi,24.8605,67.0261,Murder,24,
2011,8,Karachi,24.8605,67.0261,Murder in the form of target killing,1,
2011,8,Karachi,24.8605,67.0261,Murder during dacoity/robbery,3,
2011,8,Karachi,24.8605,67.0261,Highway dacoity/robbery,0,
2011,8,Karachi,24.8605,67.0261,Bank dacoity/robbery,0,
2011,8,Karachi,24.8605,67.0261,Car snatching,7,
2011,8,Karachi,24.8844,67.1443,Murder,80,
2011,8,Karachi,24.8844,67.1443,Murder in the form of target killing,0,
2011,8,Karachi,24.8844,67.1443,Murder during dacoity/robbery,1,
2011,8,Karachi,24.8844,67.1443,Highway dacoity/robbery,4,
2011,8,Karachi,24.8844,67.1443,Bank dacoity/robbery,1,
2011,8,Karachi,24.8844,67.1443,Car snatching,31,
2011,8,Karachi,24.8829,66.9748,Murder,95,
2011,8,Karachi,24.8829,66.9748,Murder in the form of target killing,0,
2011,8,Karachi,24.8829,66.9748,Murder during dacoity/robbery,6,
2011,8,Karachi,24.8829,66.9748,Highway dacoity/robbery,0,
2011,8,Karachi,24.8829,66.9748,Bank dacoity/robbery,3,
2011,8,Karachi,24.8829,66.9748,Car snatching,9,
2011,9,Karachi,24.8605,67.0261,Murder,7,
2011,9,Karachi,24.8605,67.0261,Murder in the form of target killing,0,
2011,9,Karachi,24.8605,67.0261,Murder during dacoity/robbery,0,
2011,9,Karachi,24.8605,67.0261,Highway dacoity/robbery,1,
2011,9,Karachi,24.8605,67.0261,Bank dacoity/robbery,0,
2011,9,Karachi,24.8605,67.0261,Car snatching,7,
2011,9,Karachi,24.8844,67.1443,Murder,21,
2011,9,Karachi,24.8844,67.1443,Murder in the form of target killing,1,
2011,9,Karachi,24.8844,67.1443,Murder during dacoity/robbery,1,
2011,9,Karachi,24.8844,67.1443,Highway dacoity/robbery,0,
2011,9,Karachi,24.8844,67.1443,Bank dacoity/robbery,1,
2011,9,Karachi,24.8844,67.1443,Car snatching,36,
2011,9,Karachi,24.8829,66.9748,Murder,24,
2011,9,Karachi,24.8829,66.9748,Murder in the form of target killing,0,
2011,9,Karachi,24.8829,66.9748,Murder during dacoity/robbery,1,
2011,9,Karachi,24.8829,66.9748,Highway dacoity/robbery,0,
2011,9,Karachi,24.8829,66.9748,Bank dacoity/robbery,0,
2011,9,Karachi,24.8829,66.9748,Car snatching,1,
2011,9,Karachi,24.9313,67.0374,Murder,9,
2011,9,Karachi,24.9313,67.0374,Murder in the form of target killing,0,
2011,9,Karachi,24.9313,67.0374,Murder during dacoity/robbery,1,
2011,9,Karachi,24.9313,67.0374,Highway dacoity/robbery,0,
2011,9,Karachi,24.9313,67.0374,Bank dacoity/robbery,0,
2011,9,Karachi,24.9313,67.0374,Car snatching,6,
2011,9,Karachi,25.096,67.1871,Murder,19,
2011,9,Karachi,25.096,67.1871,Murder in the form of target killing,2,
2011,9,Karachi,25.096,67.1871,Murder during dacoity/robbery,1,
2011,9,Karachi,25.096,67.1871,Highway dacoity/robbery,4,
2011,9,Karachi,25.096,67.1871,Bank dacoity/robbery,0,
2011,9,Karachi,25.096,67.1871,Car snatching,0,
2011,10,Karachi,24.8605,67.0261,Murder,13,
2011,10,Karachi,24.8605,67.0261,Murder in the form of target killing,0,
2011,10,Karachi,24.8605,67.0261,Murder during dacoity/robbery,2,
2011,10,Karachi,24.8605,67.0261,Highway dacoity/robbery,0,
2011,10,Karachi,24.8605,67.0261,Bank dacoity/robbery,1,
2011,10,Karachi,24.8605,67.0261,Car snatching,5,
2011,10,Karachi,24.8844,67.1443,Murder,24,
2011,10,Karachi,24.8844,67.1443,Murder in the form of target killing,0,
2011,10,Karachi,24.8844,67.1443,Murder during dacoity/robbery,1,
2011,10,Karachi,24.8844,67.1443,Highway dacoity/robbery,0,
2011,10,Karachi,24.8844,67.1443,Bank dacoity/robbery,1,
2011,10,Karachi,24.8844,67.1443,Car snatching,53,
2011,10,Karachi,24.8829,66.9748,Murder,27,
2011,10,Karachi,24.8829,66.9748,Murder in the form of target killing,0,
2011,10,Karachi,24.8829,66.9748,Murder during dacoity/robbery,3,
2011,10,Karachi,24.8829,66.9748,Highway dacoity/robbery,0,
2011,10,Karachi,24.8829,66.9748,Bank dacoity/robbery,0,
2011,10,Karachi,24.8829,66.9748,Car snatching,1,
2011,10,Karachi,24.9313,67.0374,Murder,16,
2011,10,Karachi,24.9313,67.0374,Murder in the form of target killing,0,
2011,10,Karachi,24.9313,67.0374,Murder during dacoity/robbery,5,
2011,10,Karachi,24.9313,67.0374,Highway dacoity/robbery,0,
2011,10,Karachi,24.9313,67.0374,Bank dacoity/robbery,2,
2011,10,Karachi,24.9313,67.0374,Car snatching,7,
2011,10,Karachi,25.096,67.1871,Murder,18,
2011,10,Karachi,25.096,67.1871,Murder in the form of target killing,0,
2011,10,Karachi,25.096,67.1871,Murder during dacoity/robbery,1,
2011,10,Karachi,25.096,67.1871,Highway dacoity/robbery,4,
2011,10,Karachi,25.096,67.1871,Bank dacoity/robbery,0,
2011,10,Karachi,25.096,67.1871,Car snatching,5,
2011,11,Karachi,24.8605,67.0261,Murder,18,
2011,11,Karachi,24.8605,67.0261,Murder in the form of target killing,0,
2011,11,Karachi,24.8605,67.0261,Murder during dacoity/robbery,0,
2011,11,Karachi,24.8605,67.0261,Highway dacoity/robbery,0,
2011,11,Karachi,24.8605,67.0261,Bank dacoity/robbery,0,
2011,11,Karachi,24.8605,67.0261,Car snatching,13,
2011,11,Karachi,24.8844,67.1443,Murder,18,
2011,11,Karachi,24.8844,67.1443,Murder in the form of target killing,2,
2011,11,Karachi,24.8844,67.1443,Murder during dacoity/robbery,6,
2011,11,Karachi,24.8844,67.1443,Highway dacoity/robbery,0,
2011,11,Karachi,24.8844,67.1443,Bank dacoity/robbery,2,
2011,11,Karachi,24.8844,67.1443,Car snatching,31,
2011,11,Karachi,24.8829,66.9748,Murder,22,
2011,11,Karachi,24.8829,66.9748,Murder in the form of target killing,0,
2011,11,Karachi,24.8829,66.9748,Murder during dacoity/robbery,2,
2011,11,Karachi,24.8829,66.9748,Highway dacoity/robbery,0,
2011,11,Karachi,24.8829,66.9748,Bank dacoity/robbery,0,
2011,11,Karachi,24.8829,66.9748,Car snatching,2,
2011,11,Karachi,24.9313,67.0374,Murder,2,
2011,11,Karachi,24.9313,67.0374,Murder in the form of target killing,1,
2011,11,Karachi,24.9313,67.0374,Murder during dacoity/robbery,2,
2011,11,Karachi,24.9313,67.0374,Highway dacoity/robbery,0,
2011,11,Karachi,24.9313,67.0374,Bank dacoity/robbery,1,
2011,11,Karachi,24.9313,67.0374,Car snatching,10,
2011,11,Karachi,25.096,67.1871,Murder,19,
2011,11,Karachi,25.096,67.1871,Murder in the form of target killing,0,
2011,11,Karachi,25.096,67.1871,Murder during dacoity/robbery,0,
2011,11,Karachi,25.096,67.1871,Highway dacoity/robbery,3,
2011,11,Karachi,25.096,67.1871,Bank dacoity/robbery,0,
2011,11,Karachi,25.096,67.1871,Car snatching,4,
2011,12,Karachi,24.8605,67.0261,Murder,18,
2011,12,Karachi,24.8605,67.0261,Murder in the form of target killing,0,
2011,12,Karachi,24.8605,67.0261,Murder during dacoity/robbery,5,
2011,12,Karachi,24.8605,67.0261,Highway dacoity/robbery,0,
2011,12,Karachi,24.8605,67.0261,Bank dacoity/robbery,0,
2011,12,Karachi,24.8605,67.0261,Car snatching,7,
2011,12,Karachi,24.8844,67.1443,Murder,24,
2011,12,Karachi,24.8844,67.1443,Murder in the form of target killing,0,
2011,12,Karachi,24.8844,67.1443,Murder during dacoity/robbery,2,
2011,12,Karachi,24.8844,67.1443,Highway dacoity/robbery,0,
2011,12,Karachi,24.8844,67.1443,Bank dacoity/robbery,1,
2011,12,Karachi,24.8844,67.1443,Car snatching,33,
2011,12,Karachi,24.8829,66.9748,Murder,25,
2011,12,Karachi,24.8829,66.9748,Murder in the form of target killing,0,
2011,12,Karachi,24.8829,66.9748,Murder during dacoity/robbery,2,
2011,12,Karachi,24.8829,66.9748,Highway dacoity/robbery,0,
2011,12,Karachi,24.8829,66.9748,Bank dacoity/robbery,0,
2011,12,Karachi,24.8829,66.9748,Car snatching,3,
2011,12,Karachi,24.9313,67.0374,Murder,9,
2011,12,Karachi,24.9313,67.0374,Murder in the form of target killing,0,
2011,12,Karachi,24.9313,67.0374,Murder during dacoity/robbery,3,
2011,12,Karachi,24.9313,67.0374,Highway dacoity/robbery,0,
2011,12,Karachi,24.9313,67.0374,Bank dacoity/robbery,0,
2011,12,Karachi,24.9313,67.0374,Car snatching,10,
2011,12,Karachi,25.096,67.1871,Murder,20,
2011,12,Karachi,25.096,67.1871,Murder in the form of target killing,0,
2011,12,Karachi,25.096,67.1871,Murder during dacoity/robbery,2,
2011,12,Karachi,25.096,67.1871,Highway dacoity/robbery,4,
2011,12,Karachi,25.096,67.1871,Bank dacoity/robbery,0,
2011,12,Karachi,25.096,67.1871,Car snatching,4,
2012,1,Karachi,24.8605,67.0261,Murder,13,
2012,1,Karachi,24.8605,67.0261,Murder in the form of target killing,3,
2012,1,Karachi,24.8605,67.0261,Murder during dacoity/robbery,2,
2012,1,Karachi,24.8605,67.0261,Highway dacoity/robbery,0,
2012,1,Karachi,24.8605,67.0261,Bank dacoity/robbery,0,
2012,1,Karachi,24.8605,67.0261,Car snatching,18,
2012,1,Karachi,24.8844,67.1443,Murder,28,
2012,1,Karachi,24.8844,67.1443,Murder in the form of target killing,1,
2012,1,Karachi,24.8844,67.1443,Murder during dacoity/robbery,0,
2012,1,Karachi,24.8844,67.1443,Highway dacoity/robbery,0,
2012,1,Karachi,24.8844,67.1443,Bank dacoity/robbery,1,
2012,1,Karachi,24.8844,67.1443,Car snatching,41,
2012,1,Karachi,24.8829,66.9748,Murder,26,
2012,1,Karachi,24.8829,66.9748,Murder in the form of target killing,0,
2012,1,Karachi,24.8829,66.9748,Murder during dacoity/robbery,1,
2012,1,Karachi,24.8829,66.9748,Highway dacoity/robbery,0,
2012,1,Karachi,24.8829,66.9748,Bank dacoity/robbery,0,
2012,1,Karachi,24.8829,66.9748,Car snatching,1,
2012,1,Karachi,24.9313,67.0374,Murder,14,
2012,1,Karachi,24.9313,67.0374,Murder in the form of target killing,1,
2012,1,Karachi,24.9313,67.0374,Murder during dacoity/robbery,1,
2012,1,Karachi,24.9313,67.0374,Highway dacoity/robbery,0,
2012,1,Karachi,24.9313,67.0374,Bank dacoity/robbery,0,
2012,1,Karachi,24.9313,67.0374,Car snatching,9,
2012,1,Karachi,25.096,67.1871,Murder,17,
2012,1,Karachi,25.096,67.1871,Murder in the form of target killing,0,
2012,1,Karachi,25.096,67.1871,Murder during dacoity/robbery,0,
2012,1,Karachi,25.096,67.1871,Highway dacoity/robbery,8,
2012,1,Karachi,25.096,67.1871,Bank dacoity/robbery,0,
2012,1,Karachi,25.096,67.1871,Car snatching,3,
2012,2,Karachi,24.8605,67.0261,Murder,20,
2012,2,Karachi,24.8605,67.0261,Murder in the form of target killing,1,
2012,2,Karachi,24.8605,67.0261,Murder during dacoity/robbery,0,
2012,2,Karachi,24.8605,67.0261,Highway dacoity/robbery,0,
2012,2,Karachi,24.8605,67.0261,Bank dacoity/robbery,0,
2012,2,Karachi,24.8605,67.0261,Car snatching,8,
2012,2,Karachi,24.8844,67.1443,Murder,22,
2012,2,Karachi,24.8844,67.1443,Murder in the form of target killing,1,
2012,2,Karachi,24.8844,67.1443,Murder during dacoity/robbery,1,
2012,2,Karachi,24.8844,67.1443,Highway dacoity/robbery,0,
2012,2,Karachi,24.8844,67.1443,Bank dacoity/robbery,1,
2012,2,Karachi,24.8844,67.1443,Car snatching,33,
2012,2,Karachi,24.8829,66.9748,Murder,32,
2012,2,Karachi,24.8829,66.9748,Murder in the form of target killing,2,
2012,2,Karachi,24.8829,66.9748,Murder during dacoity/robbery,1,
2012,2,Karachi,24.8829,66.9748,Highway dacoity/robbery,0,
2012,2,Karachi,24.8829,66.9748,Bank dacoity/robbery,0,
2012,2,Karachi,24.8829,66.9748,Car snatching,1,
2012,2,Karachi,24.9313,67.0374,Murder,15,
2012,2,Karachi,24.9313,67.0374,Murder in the form of target killing,1,
2012,2,Karachi,24.9313,67.0374,Murder during dacoity/robbery,0,
2012,2,Karachi,24.9313,67.0374,Highway dacoity/robbery,0,
2012,2,Karachi,24.9313,67.0374,Bank dacoity/robbery,0,
2012,2,Karachi,24.9313,67.0374,Car snatching,5,
2012,2,Karachi,25.096,67.1871,Murder,26,
2012,2,Karachi,25.096,67.1871,Murder in the form of target killing,0,
2012,2,Karachi,25.096,67.1871,Murder during dacoity/robbery,1,
2012,2,Karachi,25.096,67.1871,Highway dacoity/robbery,5,
2012,2,Karachi,25.096,67.1871,Bank dacoity/robbery,0,
2012,2,Karachi,25.096,67.1871,Car snatching,1,
2012,3,Karachi,24.8605,67.0261,Murder,14,
2012,3,Karachi,24.8605,67.0261,Murder in the form of target killing,2,
2012,3,Karachi,24.8605,67.0261,Murder during dacoity/robbery,1,
2012,3,Karachi,24.8605,67.0261,Highway dacoity/robbery,0,
2012,3,Karachi,24.8605,67.0261,Bank dacoity/robbery,0,
2012,3,Karachi,24.8605,67.0261,Car snatching,12,
2012,3,Karachi,24.8844,67.1443,Murder,36,
2012,3,Karachi,24.8844,67.1443,Murder in the form of target killing,3,
2012,3,Karachi,24.8844,67.1443,Murder during dacoity/robbery,0,
2012,3,Karachi,24.8844,67.1443,Highway dacoity/robbery,0,
2012,3,Karachi,24.8844,67.1443,Bank dacoity/robbery,0,
2012,3,Karachi,24.8844,67.1443,Car snatching,31,
2012,3,Karachi,24.8829,66.9748,Murder,31,
2012,3,Karachi,24.8829,66.9748,Murder in the form of target killing,3,
2012,3,Karachi,24.8829,66.9748,Murder during dacoity/robbery,0,
2012,3,Karachi,24.8829,66.9748,Highway dacoity/robbery,0,
2012,3,Karachi,24.8829,66.9748,Bank dacoity/robbery,0,
2012,3,Karachi,24.8829,66.9748,Car snatching,1,
2012,3,Karachi,24.9313,67.0374,Murder,17,
2012,3,Karachi,24.9313,67.0374,Murder in the form of target killing,3,
2012,3,Karachi,24.9313,67.0374,Murder during dacoity/robbery,3,
2012,3,Karachi,24.9313,67.0374,Highway dacoity/robbery,0,
2012,3,Karachi,24.9313,67.0374,Bank dacoity/robbery,1,
2012,3,Karachi,24.9313,67.0374,Car snatching,7,
2012,3,Karachi,25.096,67.1871,Murder,19,
2012,3,Karachi,25.096,67.1871,Murder in the form of target killing,2,
2012,3,Karachi,25.096,67.1871,Murder during dacoity/robbery,1,
2012,3,Karachi,25.096,67.1871,Highway dacoity/robbery,5,
2012,3,Karachi,25.096,67.1871,Bank dacoity/robbery,0,
2012,3,Karachi,25.096,67.1871,Car snatching,3,
2012,4,Karachi,24.8605,67.0261,Murder,36,
2012,4,Karachi,24.8605,67.0261,Murder in the form of target killing,3,
2012,4,Karachi,24.8605,67.0261,Murder during dacoity/robbery,1,
2012,4,Karachi,24.8605,67.0261,Highway dacoity/robbery,0,
2012,4,Karachi,24.8605,67.0261,Bank dacoity/robbery,0,
2012,4,Karachi,24.8605,67.0261,Car snatching,13,
2012,4,Karachi,24.8844,67.1443,Murder,34,
2012,4,Karachi,24.8844,67.1443,Murder in the form of target killing,1,
2012,4,Karachi,24.8844,67.1443,Murder during dacoity/robbery,4,
2012,4,Karachi,24.8844,67.1443,Highway dacoity/robbery,0,
2012,4,Karachi,24.8844,67.1443,Bank dacoity/robbery,1,
2012,4,Karachi,24.8844,67.1443,Car snatching,34,
2012,4,Karachi,24.8829,66.9748,Murder,47,
2012,4,Karachi,24.8829,66.9748,Murder in the form of target killing,5,
2012,4,Karachi,24.8829,66.9748,Murder during dacoity/robbery,1,
2012,4,Karachi,24.8829,66.9748,Highway dacoity/robbery,0,
2012,4,Karachi,24.8829,66.9748,Bank dacoity/robbery,0,
2012,4,Karachi,24.8829,66.9748,Car snatching,0,
2012,4,Karachi,24.9313,67.0374,Murder,29,
2012,4,Karachi,24.9313,67.0374,Murder in the form of target killing,1,
2012,4,Karachi,24.9313,67.0374,Murder during dacoity/robbery,1,
2012,4,Karachi,24.9313,67.0374,Highway dacoity/robbery,0,
2012,4,Karachi,24.9313,67.0374,Bank dacoity/robbery,1,
2012,4,Karachi,24.9313,67.0374,Car snatching,6,
2012,4,Karachi,25.096,67.1871,Murder,19,
2012,4,Karachi,25.096,67.1871,Murder in the form of target killing,2,
2012,4,Karachi,25.096,67.1871,Murder during dacoity/robbery,3,
2012,4,Karachi,25.096,67.1871,Highway dacoity/robbery,5,
2012,4,Karachi,25.096,67.1871,Bank dacoity/robbery,0,
2012,4,Karachi,25.096,67.1871,Car snatching,1,
2012,5,Karachi,24.8605,67.0261,Murder,28,
2012,5,Karachi,24.8605,67.0261,Murder in the form of target killing,1,
2012,5,Karachi,24.8605,67.0261,Murder during dacoity/robbery,1,
2012,5,Karachi,24.8605,67.0261,Highway dacoity/robbery,0,
2012,5,Karachi,24.8605,67.0261,Bank dacoity/robbery,0,
2012,5,Karachi,24.8605,67.0261,Car snatching,21,
2012,5,Karachi,24.8844,67.1443,Murder,28,
2012,5,Karachi,24.8844,67.1443,Murder in the form of target killing,10,
2012,5,Karachi,24.8844,67.1443,Murder during dacoity/robbery,3,
2012,5,Karachi,24.8844,67.1443,Highway dacoity/robbery,0,
2012,5,Karachi,24.8844,67.1443,Bank dacoity/robbery,1,
2012,5,Karachi,24.8844,67.1443,Car snatching,42,
2012,5,Karachi,24.8829,66.9748,Murder,48,
2012,5,Karachi,24.8829,66.9748,Murder in the form of target killing,8,
2012,5,Karachi,24.8829,66.9748,Murder during dacoity/robbery,2,
2012,5,Karachi,24.8829,66.9748,Highway dacoity/robbery,0,
2012,5,Karachi,24.8829,66.9748,Bank dacoity/robbery,1,
2012,5,Karachi,24.8829,66.9748,Car snatching,1,
2012,5,Karachi,24.9313,67.0374,Murder,19,
2012,5,Karachi,24.9313,67.0374,Murder in the form of target killing,1,
2012,5,Karachi,24.9313,67.0374,Murder during dacoity/robbery,1,
2012,5,Karachi,24.9313,67.0374,Highway dacoity/robbery,0,
2012,5,Karachi,24.9313,67.0374,Bank dacoity/robbery,0,
2012,5,Karachi,24.9313,67.0374,Car snatching,9,
2012,5,Karachi,25.096,67.1871,Murder,26,
2012,5,Karachi,25.096,67.1871,Murder in the form of target killing,0,
2012,5,Karachi,25.096,67.1871,Murder during dacoity/robbery,0,
2012,5,Karachi,25.096,67.1871,Highway dacoity/robbery,4,
2012,5,Karachi,25.096,67.1871,Bank dacoity/robbery,0,
2012,5,Karachi,25.096,67.1871,Car snatching,3,
2012,6,Karachi,24.8605,67.0261,Murder,30,
2012,6,Karachi,24.8605,67.0261,Murder in the form of target killing,16,
2012,6,Karachi,24.8605,67.0261,Murder during dacoity/robbery,2,
2012,6,Karachi,24.8605,67.0261,Highway dacoity/robbery,0,
2012,6,Karachi,24.8605,67.0261,Bank dacoity/robbery,1,
2012,6,Karachi,24.8605,67.0261,Car snatching,11,
2012,6,Karachi,24.8844,67.1443,Murder,30,
2012,6,Karachi,24.8844,67.1443,Murder in the form of target killing,8,
2012,6,Karachi,24.8844,67.1443,Murder during dacoity/robbery,2,
2012,6,Karachi,24.8844,67.1443,Highway dacoity/robbery,0,
2012,6,Karachi,24.8844,67.1443,Bank dacoity/robbery,0,
2012,6,Karachi,24.8844,67.1443,Car snatching,33,
2012,6,Karachi,24.8829,66.9748,Murder,40,
2012,6,Karachi,24.8829,66.9748,Murder in the form of target killing,6,
2012,6,Karachi,24.8829,66.9748,Murder during dacoity/robbery,0,
2012,6,Karachi,24.8829,66.9748,Highway dacoity/robbery,0,
2012,6,Karachi,24.8829,66.9748,Bank dacoity/robbery,0,
2012,6,Karachi,24.8829,66.9748,Car snatching,1,
2012,6,Karachi,24.9313,67.0374,Murder,22,
2012,6,Karachi,24.9313,67.0374,Murder in the form of target killing,7,
2012,6,Karachi,24.9313,67.0374,Murder during dacoity/robbery,0,
2012,6,Karachi,24.9313,67.0374,Highway dacoity/robbery,0,
2012,6,Karachi,24.9313,67.0374,Bank dacoity/robbery,2,
2012,6,Karachi,24.9313,67.0374,Car snatching,3,
2012,6,Karachi,25.096,67.1871,Murder,22,
2012,6,Karachi,25.096,67.1871,Murder in the form of target killing,1,
2012,6,Karachi,25.096,67.1871,Murder during dacoity/robbery,1,
2012,6,Karachi,25.096,67.1871,Highway dacoity/robbery,2,
2012,6,Karachi,25.096,67.1871,Bank dacoity/robbery,0,
2012,6,Karachi,25.096,67.1871,Car snatching,0,
2012,7,Karachi,24.8605,67.0261,Murder,26,
2012,7,Karachi,24.8605,67.0261,Murder in the form of target killing,3,
2012,7,Karachi,24.8605,67.0261,Murder during dacoity/robbery,1,
2012,7,Karachi,24.8605,67.0261,Highway dacoity/robbery,0,
2012,7,Karachi,24.8605,67.0261,Bank dacoity/robbery,1,
2012,7,Karachi,24.8605,67.0261,Car snatching,26,
2012,7,Karachi,24.8844,67.1443,Murder,36,
2012,7,Karachi,24.8844,67.1443,Murder in the form of target killing,1,
2012,7,Karachi,24.8844,67.1443,Murder during dacoity/robbery,2,
2012,7,Karachi,24.8844,67.1443,Highway dacoity/robbery,0,
2012,7,Karachi,24.8844,67.1443,Bank dacoity/robbery,0,
2012,7,Karachi,24.8844,67.1443,Car snatching,42,
2012,7,Karachi,24.8829,66.9748,Murder,57,
2012,7,Karachi,24.8829,66.9748,Murder in the form of target killing,8,
2012,7,Karachi,24.8829,66.9748,Murder during dacoity/robbery,2,
2012,7,Karachi,24.8829,66.9748,Highway dacoity/robbery,0,
2012,7,Karachi,24.8829,66.9748,Bank dacoity/robbery,1,
2012,7,Karachi,24.8829,66.9748,Car snatching,1,
2012,7,Karachi,24.9313,67.0374,Murder,31,
2012,7,Karachi,24.9313,67.0374,Murder in the form of target killing,4,
2012,7,Karachi,24.9313,67.0374,Murder during dacoity/robbery,2,
2012,7,Karachi,24.9313,67.0374,Highway dacoity/robbery,0,
2012,7,Karachi,24.9313,67.0374,Bank dacoity/robbery,0,
2012,7,Karachi,24.9313,67.0374,Car snatching,7,
2012,7,Karachi,25.096,67.1871,Murder,22,
2012,7,Karachi,25.096,67.1871,Murder in the form of target killing,5,
2012,7,Karachi,25.096,67.1871,Murder during dacoity/robbery,2,
2012,7,Karachi,25.096,67.1871,Highway dacoity/robbery,7,
2012,7,Karachi,25.096,67.1871,Bank dacoity/robbery,0,
2012,7,Karachi,25.096,67.1871,Car snatching,0,
2012,8,Karachi,24.8605,67.0261,Murder,25,
2012,8,Karachi,24.8605,67.0261,Murder in the form of target killing,4,
2012,8,Karachi,24.8605,67.0261,Murder during dacoity/robbery,0,
2012,8,Karachi,24.8605,67.0261,Highway dacoity/robbery,0,
2012,8,Karachi,24.8605,67.0261,Bank dacoity/robbery,1,
2012,8,Karachi,24.8605,67.0261,Car snatching,15,
2012,8,Karachi,24.8844,67.1443,Murder,28,
2012,8,Karachi,24.8844,67.1443,Murder in the form of target killing,1,
2012,8,Karachi,24.8844,67.1443,Murder during dacoity/robbery,3,
2012,8,Karachi,24.8844,67.1443,Highway dacoity/robbery,0,
2012,8,Karachi,24.8844,67.1443,Bank dacoity/robbery,1,
2012,8,Karachi,24.8844,67.1443,Car snatching,27,
2012,8,Karachi,24.8829,66.9748,Murder,49,
2012,8,Karachi,24.8829,66.9748,Murder in the form of target killing,5,
2012,8,Karachi,24.8829,66.9748,Murder during dacoity/robbery,5,
2012,8,Karachi,24.8829,66.9748,Highway dacoity/robbery,0,
2012,8,Karachi,24.8829,66.9748,Bank dacoity/robbery,0,
2012,8,Karachi,24.8829,66.9748,Car snatching,1,
2012,8,Karachi,24.9313,67.0374,Murder,14,
2012,8,Karachi,24.9313,67.0374,Murder in the form of target killing,12,
2012,8,Karachi,24.9313,67.0374,Murder during dacoity/robbery,0,
2012,8,Karachi,24.9313,67.0374,Highway dacoity/robbery,0,
2012,8,Karachi,24.9313,67.0374,Bank dacoity/robbery,0,
2012,8,Karachi,24.9313,67.0374,Car snatching,8,
2012,8,Karachi,25.096,67.1871,Murder,25,
2012,8,Karachi,25.096,67.1871,Murder in the form of target killing,2,
2012,8,Karachi,25.096,67.1871,Murder during dacoity/robbery,2,
2012,8,Karachi,25.096,67.1871,Highway dacoity/robbery,9,
2012,8,Karachi,25.096,67.1871,Bank dacoity/robbery,0,
2012,8,Karachi,25.096,67.1871,Car snatching,7,
2012,9,Karachi,24.8605,67.0261,Murder,45,
2012,9,Karachi,24.8605,67.0261,Murder in the form of target killing,0,
2012,9,Karachi,24.8605,67.0261,Murder during dacoity/robbery,1,
2012,9,Karachi,24.8605,67.0261,Highway dacoity/robbery,0,
2012,9,Karachi,24.8605,67.0261,Bank dacoity/robbery,0,
2012,9,Karachi,24.8605,67.0261,Car snatching,12,
2012,9,Karachi,24.8844,67.1443,Murder,42,
2012,9,Karachi,24.8844,67.1443,Murder in the form of target killing,2,
2012,9,Karachi,24.8844,67.1443,Murder during dacoity/robbery,1,
2012,9,Karachi,24.8844,67.1443,Highway dacoity/robbery,0,
2012,9,Karachi,24.8844,67.1443,Bank dacoity/robbery,1,
2012,9,Karachi,24.8844,67.1443,Car snatching,57,
2012,9,Karachi,24.8829,66.9748,Murder,62,
2012,9,Karachi,24.8829,66.9748,Murder in the form of target killing,3,
2012,9,Karachi,24.8829,66.9748,Murder during dacoity/robbery,1,
2012,9,Karachi,24.8829,66.9748,Highway dacoity/robbery,0,
2012,9,Karachi,24.8829,66.9748,Bank dacoity/robbery,1,
2012,9,Karachi,24.8829,66.9748,Car snatching,1,
2012,9,Karachi,24.9313,67.0374,Murder,37,
2012,9,Karachi,24.9313,67.0374,Murder in the form of target killing,0,
2012,9,Karachi,24.9313,67.0374,Murder during dacoity/robbery,0,
2012,9,Karachi,24.9313,67.0374,Highway dacoity/robbery,0,
2012,9,Karachi,24.9313,67.0374,Bank dacoity/robbery,1,
2012,9,Karachi,24.9313,67.0374,Car snatching,3,
2012,9,Karachi,25.096,67.1871,Murder,24,
2012,9,Karachi,25.096,67.1871,Murder in the form of target killing,0,
2012,9,Karachi,25.096,67.1871,Murder during dacoity/robbery,0,
2012,9,Karachi,25.096,67.1871,Highway dacoity/robbery,2,
2012,9,Karachi,25.096,67.1871,Bank dacoity/robbery,0,
2012,9,Karachi,25.096,67.1871,Car snatching,0,
2012,10,Karachi,24.8605,67.0261,Murder,36,
2012,10,Karachi,24.8605,67.0261,Murder in the form of target killing,12,
2012,10,Karachi,24.8605,67.0261,Murder during dacoity/robbery,2,
2012,10,Karachi,24.8605,67.0261,Highway dacoity/robbery,0,
2012,10,Karachi,24.8605,67.0261,Bank dacoity/robbery,0,
2012,10,Karachi,24.8605,67.0261,Car snatching,13,
2012,10,Karachi,24.8844,67.1443,Murder,39,
2012,10,Karachi,24.8844,67.1443,Murder in the form of target killing,1,
2012,10,Karachi,24.8844,67.1443,Murder during dacoity/robbery,5,
2012,10,Karachi,24.8844,67.1443,Highway dacoity/robbery,0,
2012,10,Karachi,24.8844,67.1443,Bank dacoity/robbery,2,
2012,10,Karachi,24.8844,67.1443,Car snatching,30,
2012,10,Karachi,24.8829,66.9748,Murder,50,
2012,10,Karachi,24.8829,66.9748,Murder in the form of target killing,16,
2012,10,Karachi,24.8829,66.9748,Murder during dacoity/robbery,3,
2012,10,Karachi,24.8829,66.9748,Highway dacoity/robbery,0,
2012,10,Karachi,24.8829,66.9748,Bank dacoity/robbery,2,
2012,10,Karachi,24.8829,66.9748,Car snatching,2,
2012,10,Karachi,24.9313,67.0374,Murder,36,
2012,10,Karachi,24.9313,67.0374,Murder in the form of target killing,2,
2012,10,Karachi,24.9313,67.0374,Murder during dacoity/robbery,2,
2012,10,Karachi,24.9313,67.0374,Highway dacoity/robbery,0,
2012,10,Karachi,24.9313,67.0374,Bank dacoity/robbery,1,
2012,10,Karachi,24.9313,67.0374,Car snatching,10,
2012,10,Karachi,25.096,67.1871,Murder,21,
2012,10,Karachi,25.096,67.1871,Murder in the form of target killing,1,
2012,10,Karachi,25.096,67.1871,Murder during dacoity/robbery,1,
2012,10,Karachi,25.096,67.1871,Highway dacoity/robbery,4,
2012,10,Karachi,25.096,67.1871,Bank dacoity/robbery,0,
2012,10,Karachi,25.096,67.1871,Car snatching,0,
2012,11,Karachi,24.8605,67.0261,Murder,20,
2012,11,Karachi,24.8605,67.0261,Murder in the form of target killing,1,
2012,11,Karachi,24.8605,67.0261,Murder during dacoity/robbery,0,
2012,11,Karachi,24.8605,67.0261,Highway dacoity/robbery,0,
2012,11,Karachi,24.8605,67.0261,Bank dacoity/robbery,0,
2012,11,Karachi,24.8605,67.0261,Car snatching,5,
2012,11,Karachi,24.8844,67.1443,Murder,30,
2012,11,Karachi,24.8844,67.1443,Murder in the form of target killing,1,
2012,11,Karachi,24.8844,67.1443,Murder during dacoity/robbery,1,
2012,11,Karachi,24.8844,67.1443,Highway dacoity/robbery,0,
2012,11,Karachi,24.8844,67.1443,Bank dacoity/robbery,1,
2012,11,Karachi,24.8844,67.1443,Car snatching,24,
2012,11,Karachi,24.8829,66.9748,Murder,56,
2012,11,Karachi,24.8829,66.9748,Murder in the form of target killing,4,
2012,11,Karachi,24.8829,66.9748,Murder during dacoity/robbery,2,
2012,11,Karachi,24.8829,66.9748,Highway dacoity/robbery,0,
2012,11,Karachi,24.8829,66.9748,Bank dacoity/robbery,2,
2012,11,Karachi,24.8829,66.9748,Car snatching,2,
2012,11,Karachi,24.9313,67.0374,Murder,26,
2012,11,Karachi,24.9313,67.0374,Murder in the form of target killing,0,
2012,11,Karachi,24.9313,67.0374,Murder during dacoity/robbery,1,
2012,11,Karachi,24.9313,67.0374,Highway dacoity/robbery,0,
2012,11,Karachi,24.9313,67.0374,Bank dacoity/robbery,0,
2012,11,Karachi,24.9313,67.0374,Car snatching,12,
2012,11,Karachi,25.096,67.1871,Murder,25,
2012,11,Karachi,25.096,67.1871,Murder in the form of target killing,3,
2012,11,Karachi,25.096,67.1871,Murder during dacoity/robbery,1,
2012,11,Karachi,25.096,67.1871,Highway dacoity/robbery,4,
2012,11,Karachi,25.096,67.1871,Bank dacoity/robbery,0,
2012,11,Karachi,25.096,67.1871,Car snatching,4,
2012,12,Karachi,24.8605,67.0261,Murder,33,
2012,12,Karachi,24.8605,67.0261,Murder in the form of target killing,2,
2012,12,Karachi,24.8605,67.0261,Murder during dacoity/robbery,2,
2012,12,Karachi,24.8605,67.0261,Highway dacoity/robbery,0,
2012,12,Karachi,24.8605,67.0261,Bank dacoity/robbery,0,
2012,12,Karachi,24.8605,67.0261,Car snatching,10,
2012,12,Karachi,24.8844,67.1443,Murder,25,
2012,12,Karachi,24.8844,67.1443,Murder in the form of target killing,4,
2012,12,Karachi,24.8844,67.1443,Murder during dacoity/robbery,6,
2012,12,Karachi,24.8844,67.1443,Highway dacoity/robbery,0,
2012,12,Karachi,24.8844,67.1443,Bank dacoity/robbery,0,
2012,12,Karachi,24.8844,67.1443,Car snatching,30,
2012,12,Karachi,24.8829,66.9748,Murder,47,
2012,12,Karachi,24.8829,66.9748,Murder in the form of target killing,6,
2012,12,Karachi,24.8829,66.9748,Murder during dacoity/robbery,3,
2012,12,Karachi,24.8829,66.9748,Highway dacoity/robbery,0,
2012,12,Karachi,24.8829,66.9748,Bank dacoity/robbery,0,
2012,12,Karachi,24.8829,66.9748,Car snatching,1,
2012,12,Karachi,24.9313,67.0374,Murder,27,
2012,12,Karachi,24.9313,67.0374,Murder in the form of target killing,3,
2012,12,Karachi,24.9313,67.0374,Murder during dacoity/robbery,1,
2012,12,Karachi,24.9313,67.0374,Highway dacoity/robbery,0,
2012,12,Karachi,24.9313,67.0374,Bank dacoity/robbery,0,
2012,12,Karachi,24.9313,67.0374,Car snatching,5,
2012,12,Karachi,25.096,67.1871,Murder,33,
2012,12,Karachi,25.096,67.1871,Murder in the form of target killing,2,
2012,12,Karachi,25.096,67.1871,Murder during dacoity/robbery,0,
2012,12,Karachi,25.096,67.1871,Highway dacoity/robbery,3,
2012,12,Karachi,25.096,67.1871,Bank dacoity/robbery,0,
2012,12,Karachi,25.096,67.1871,Car snatching,3,
2013,1,Karachi,24.8605,67.0261,Murder,38,
2013,1,Karachi,24.8605,67.0261,Murder in the form of target killing,3,
2013,1,Karachi,24.8605,67.0261,Murder during dacoity/robbery,1,
2013,1,Karachi,24.8605,67.0261,Highway dacoity/robbery,0,
2013,1,Karachi,24.8605,67.0261,Bank dacoity/robbery,0,
2013,1,Karachi,24.8605,67.0261,Car snatching,13,
2013,1,Karachi,24.8844,67.1443,Murder,42,
2013,1,Karachi,24.8844,67.1443,Murder in the form of target killing,2,
2013,1,Karachi,24.8844,67.1443,Murder during dacoity/robbery,2,
2013,1,Karachi,24.8844,67.1443,Highway dacoity/robbery,0,
2013,1,Karachi,24.8844,67.1443,Bank dacoity/robbery,1,
2013,1,Karachi,24.8844,67.1443,Car snatching,20,
2013,1,Karachi,25.096,67.1871,Murder,35,
2013,1,Karachi,25.096,67.1871,Murder in the form of target killing,0,
2013,1,Karachi,25.096,67.1871,Murder during dacoity/robbery,0,
2013,1,Karachi,25.096,67.1871,Highway dacoity/robbery,0,
2013,1,Karachi,25.096,67.1871,Bank dacoity/robbery,0,
2013,1,Karachi,25.096,67.1871,Car snatching,2,
2013,1,Karachi,24.8829,66.9748,Murder,21,
2013,1,Karachi,24.8829,66.9748,Murder in the form of target killing,2,
2013,1,Karachi,24.8829,66.9748,Murder during dacoity/robbery,4,
2013,1,Karachi,24.8829,66.9748,Highway dacoity/robbery,4,
2013,1,Karachi,24.8829,66.9748,Bank dacoity/robbery,0,
2013,1,Karachi,24.8829,66.9748,Car snatching,2,
2013,1,Karachi,24.9313,67.0374,Murder,59,
2013,1,Karachi,24.9313,67.0374,Murder in the form of target killing,3,
2013,1,Karachi,24.9313,67.0374,Murder during dacoity/robbery,2,
2013,1,Karachi,24.9313,67.0374,Highway dacoity/robbery,0,
2013,1,Karachi,24.9313,67.0374,Bank dacoity/robbery,0,
2013,1,Karachi,24.9313,67.0374,Car snatching,1,
2013,2,Karachi,24.8605,67.0261,Murder,26,"Value not available, used formula to calculate: 3 cuml-3 value-Jan value"
2013,2,Karachi,24.8605,67.0261,Murder in the form of target killing,2,"Value not available, used formula to calculate: 3 cuml-3 value-Jan value"
2013,2,Karachi,24.8605,67.0261,Murder during dacoity/robbery,3,"Value not available, used formula to calculate: 3 cuml-3 value-Jan value"
2013,2,Karachi,24.8605,67.0261,Highway dacoity/robbery,0,"Value not available, used formula to calculate: 3 cuml-3 value-Jan value"
2013,2,Karachi,24.8605,67.0261,Bank dacoity/robbery,1,"Value not available, used formula to calculate: 3 cuml-3 value-Jan value"
2013,2,Karachi,24.8605,67.0261,Car snatching,10,"Value not available, used formula to calculate: 3 cuml-3 value-Jan value"
2013,2,Karachi,24.8844,67.1443,Murder,40,"Value not available, used formula to calculate: 3 cuml-3 value-Jan value"
2013,2,Karachi,24.8844,67.1443,Murder in the form of target killing,2,"Value not available, used formula to calculate: 3 cuml-3 value-Jan value"
2013,2,Karachi,24.8844,67.1443,Murder during dacoity/robbery,3,"Value not available, used formula to calculate: 3 cuml-3 value-Jan value"
2013,2,Karachi,24.8844,67.1443,Highway dacoity/robbery,0,"Value not available, used formula to calculate: 3 cuml-3 value-Jan value"
2013,2,Karachi,24.8844,67.1443,Bank dacoity/robbery,1,"Value not available, used formula to calculate: 3 cuml-3 value-Jan value"
2013,2,Karachi,24.8844,67.1443,Car snatching,18,"Value not available, used formula to calculate: 3 cuml-3 value-Jan value"
2013,2,Karachi,25.096,67.1871,Murder,29,"Value not available, used formula to calculate: 3 cuml-3 value-Jan value"
2013,2,Karachi,25.096,67.1871,Murder in the form of target killing,2,"Value not available, used formula to calculate: 3 cuml-3 value-Jan value"
2013,2,Karachi,25.096,67.1871,Murder during dacoity/robbery,1,"Value not available, used formula to calculate: 3 cuml-3 value-Jan value"
2013,2,Karachi,25.096,67.1871,Highway dacoity/robbery,2,"Value not available, used formula to calculate: 3 cuml-3 value-Jan value"
2013,2,Karachi,25.096,67.1871,Bank dacoity/robbery,0,"Value not available, used formula to calculate: 3 cuml-3 value-Jan value"
2013,2,Karachi,25.096,67.1871,Car snatching,0,"Value not available, used formula to calculate: 3 cuml-3 value-Jan value"
2013,2,Karachi,24.8829,66.9748,Murder,64,"Value not available, used formula to calculate: 3 cuml-3 value-Jan value"
2013,2,Karachi,24.8829,66.9748,Murder in the form of target killing,0,"Value not available, used formula to calculate: 3 cuml-3 value-Jan value"
2013,2,Karachi,24.8829,66.9748,Murder during dacoity/robbery,9,"Value not available, used formula to calculate: 3 cuml-3 value-Jan value"
2013,2,Karachi,24.8829,66.9748,Highway dacoity/robbery,0,"Value not available, used formula to calculate: 3 cuml-3 value-Jan value"
2013,2,Karachi,24.8829,66.9748,Bank dacoity/robbery,0,"Value not available, used formula to calculate: 3 cuml-3 value-Jan value"
2013,2,Karachi,24.8829,66.9748,Car snatching,2,"Value not available, used formula to calculate: 3 cuml-3 value-Jan value"
2013,2,Karachi,24.9313,67.0374,Murder,33,"Value not available, used formula to calculate: 3 cuml-3 value-Jan value"
2013,2,Karachi,24.9313,67.0374,Murder in the form of target killing,2,"Value not available, used formula to calculate: 3 cuml-3 value-Jan value"
2013,2,Karachi,24.9313,67.0374,Murder during dacoity/robbery,2,"Value not available, used formula to calculate: 3 cuml-3 value-Jan value"
2013,2,Karachi,24.9313,67.0374,Highway dacoity/robbery,0,"Value not available, used formula to calculate: 3 cuml-3 value-Jan value"
2013,2,Karachi,24.9313,67.0374,Bank dacoity/robbery,0,"Value not available, used formula to calculate: 3 cuml-3 value-Jan value"
2013,2,Karachi,24.9313,67.0374,Car snatching,7,"Value not available, used formula to calculate: 3 cuml-3 value-Jan value"
2013,3,Karachi,24.8605,67.0261,Murder,37,
2013,3,Karachi,24.8605,67.0261,Murder in the form of target killing,2,
2013,3,Karachi,24.8605,67.0261,Murder during dacoity/robbery,0,
2013,3,Karachi,24.8605,67.0261,Highway dacoity/robbery,0,
2013,3,Karachi,24.8605,67.0261,Bank dacoity/robbery,2,
2013,3,Karachi,24.8605,67.0261,Car snatching,9,
2013,3,Karachi,24.8844,67.1443,Murder,50,
2013,3,Karachi,24.8844,67.1443,Murder in the form of target killing,1,
2013,3,Karachi,24.8844,67.1443,Murder during dacoity/robbery,2,
2013,3,Karachi,24.8844,67.1443,Highway dacoity/robbery,0,
2013,3,Karachi,24.8844,67.1443,Bank dacoity/robbery,1,
2013,3,Karachi,24.8844,67.1443,Car snatching,21,
2013,3,Karachi,25.096,67.1871,Murder,33,
2013,3,Karachi,25.096,67.1871,Murder in the form of target killing,0,
2013,3,Karachi,25.096,67.1871,Murder during dacoity/robbery,4,
2013,3,Karachi,25.096,67.1871,Highway dacoity/robbery,9,
2013,3,Karachi,25.096,67.1871,Bank dacoity/robbery,0,
2013,3,Karachi,25.096,67.1871,Car snatching,0,
2013,3,Karachi,24.8829,66.9748,Murder,45,
2013,3,Karachi,24.8829,66.9748,Murder in the form of target killing,4,
2013,3,Karachi,24.8829,66.9748,Murder during dacoity/robbery,3,
2013,3,Karachi,24.8829,66.9748,Highway dacoity/robbery,0,
2013,3,Karachi,24.8829,66.9748,Bank dacoity/robbery,0,
2013,3,Karachi,24.8829,66.9748,Car snatching,6,
2013,3,Karachi,24.9313,67.0374,Murder,23,
2013,3,Karachi,24.9313,67.0374,Murder in the form of target killing,7,
2013,3,Karachi,24.9313,67.0374,Murder during dacoity/robbery,0,
2013,3,Karachi,24.9313,67.0374,Highway dacoity/robbery,0,
2013,3,Karachi,24.9313,67.0374,Bank dacoity/robbery,1,
2013,3,Karachi,24.9313,67.0374,Car snatching,5,
2013,4,Karachi,24.8605,67.0261,Murder,22,
2013,4,Karachi,24.8605,67.0261,Murder in the form of target killing,1,
2013,4,Karachi,24.8605,67.0261,Murder during dacoity/robbery,0,
2013,4,Karachi,24.8605,67.0261,Highway dacoity/robbery,0,
2013,4,Karachi,24.8605,67.0261,Bank dacoity/robbery,1,
2013,4,Karachi,24.8605,67.0261,Car snatching,9,
2013,4,Karachi,24.8844,67.1443,Murder,31,
2013,4,Karachi,24.8844,67.1443,Murder in the form of target killing,4,
2013,4,Karachi,24.8844,67.1443,Murder during dacoity/robbery,2,
2013,4,Karachi,24.8844,67.1443,Highway dacoity/robbery,0,
2013,4,Karachi,24.8844,67.1443,Bank dacoity/robbery,2,
2013,4,Karachi,24.8844,67.1443,Car snatching,21,
2013,4,Karachi,25.096,67.1871,Murder,25,
2013,4,Karachi,25.096,67.1871,Murder in the form of target killing,1,
2013,4,Karachi,25.096,67.1871,Murder during dacoity/robbery,1,
2013,4,Karachi,25.096,67.1871,Highway dacoity/robbery,5,
2013,4,Karachi,25.096,67.1871,Bank dacoity/robbery,0,
2013,4,Karachi,25.096,67.1871,Car snatching,1,
2013,4,Karachi,24.8829,66.9748,Murder,54,
2013,4,Karachi,24.8829,66.9748,Murder in the form of target killing,7,
2013,4,Karachi,24.8829,66.9748,Murder during dacoity/robbery,1,
2013,4,Karachi,24.8829,66.9748,Highway dacoity/robbery,0,
2013,4,Karachi,24.8829,66.9748,Bank dacoity/robbery,0,
2013,4,Karachi,24.8829,66.9748,Car snatching,0,
2013,4,Karachi,24.9313,67.0374,Murder,21,
2013,4,Karachi,24.9313,67.0374,Murder in the form of target killing,2,
2013,4,Karachi,24.9313,67.0374,Murder during dacoity/robbery,2,
2013,4,Karachi,24.9313,67.0374,Highway dacoity/robbery,0,
2013,4,Karachi,24.9313,67.0374,Bank dacoity/robbery,0,
2013,4,Karachi,24.9313,67.0374,Car snatching,6,
2013,5,Karachi,24.8605,67.0261,Murder,41,
2013,5,Karachi,24.8605,67.0261,Murder in the form of target killing,2,
2013,5,Karachi,24.8605,67.0261,Murder during dacoity/robbery,1,
2013,5,Karachi,24.8605,67.0261,Highway dacoity/robbery,0,
2013,5,Karachi,24.8605,67.0261,Bank dacoity/robbery,1,
2013,5,Karachi,24.8605,67.0261,Car snatching,5,
2013,5,Karachi,24.8844,67.1443,Murder,33,
2013,5,Karachi,24.8844,67.1443,Murder in the form of target killing,1,
2013,5,Karachi,24.8844,67.1443,Murder during dacoity/robbery,1,
2013,5,Karachi,24.8844,67.1443,Highway dacoity/robbery,0,
2013,5,Karachi,24.8844,67.1443,Bank dacoity/robbery,1,
2013,5,Karachi,24.8844,67.1443,Car snatching,15,
2013,5,Karachi,25.096,67.1871,Murder,31,
2013,5,Karachi,25.096,67.1871,Murder in the form of target killing,1,
2013,5,Karachi,25.096,67.1871,Murder during dacoity/robbery,1,
2013,5,Karachi,25.096,67.1871,Highway dacoity/robbery,4,
2013,5,Karachi,25.096,67.1871,Bank dacoity/robbery,0,
2013,5,Karachi,25.096,67.1871,Car snatching,4,
2013,5,Karachi,24.8829,66.9748,Murder,66,
2013,5,Karachi,24.8829,66.9748,Murder in the form of target killing,2,
2013,5,Karachi,24.8829,66.9748,Murder during dacoity/robbery,3,
2013,5,Karachi,24.8829,66.9748,Highway dacoity/robbery,0,
2013,5,Karachi,24.8829,66.9748,Bank dacoity/robbery,2,
2013,5,Karachi,24.8829,66.9748,Car snatching,2,
2013,5,Karachi,24.9313,67.0374,Murder,29,
2013,5,Karachi,24.9313,67.0374,Murder in the form of target killing,1,
2013,5,Karachi,24.9313,67.0374,Murder during dacoity/robbery,1,
2013,5,Karachi,24.9313,67.0374,Highway dacoity/robbery,2,
2013,5,Karachi,24.9313,67.0374,Bank dacoity/robbery,0,
2013,5,Karachi,24.9313,67.0374,Car snatching,5,
2013,6,Karachi,24.8605,67.0261,Murder,41,
2013,6,Karachi,24.8605,67.0261,Murder in the form of target killing,2,
2013,6,Karachi,24.8605,67.0261,Murder during dacoity/robbery,1,
2013,6,Karachi,24.8605,67.0261,Highway dacoity/robbery,0,
2013,6,Karachi,24.8605,67.0261,Bank dacoity/robbery,1,
2013,6,Karachi,24.8605,67.0261,Car snatching,5,
2013,6,Karachi,24.8844,67.1443,Murder,33,
2013,6,Karachi,24.8844,67.1443,Murder in the form of target killing,1,
2013,6,Karachi,24.8844,67.1443,Murder during dacoity/robbery,1,
2013,6,Karachi,24.8844,67.1443,Highway dacoity/robbery,0,
2013,6,Karachi,24.8844,67.1443,Bank dacoity/robbery,1,
2013,6,Karachi,24.8844,67.1443,Car snatching,15,
2013,6,Karachi,25.096,67.1871,Murder,31,
2013,6,Karachi,25.096,67.1871,Murder in the form of target killing,1,
2013,6,Karachi,25.096,67.1871,Murder during dacoity/robbery,1,
2013,6,Karachi,25.096,67.1871,Highway dacoity/robbery,4,
2013,6,Karachi,25.096,67.1871,Bank dacoity/robbery,0,
2013,6,Karachi,25.096,67.1871,Car snatching,4,
2013,6,Karachi,24.8829,66.9748,Murder,66,
2013,6,Karachi,24.8829,66.9748,Murder in the form of target killing,2,
2013,6,Karachi,24.8829,66.9748,Murder during dacoity/robbery,3,
2013,6,Karachi,24.8829,66.9748,Highway dacoity/robbery,0,
2013,6,Karachi,24.8829,66.9748,Bank dacoity/robbery,2,
2013,6,Karachi,24.8829,66.9748,Car snatching,2,
2013,6,Karachi,24.9313,67.0374,Murder,29,
2013,6,Karachi,24.9313,67.0374,Murder in the form of target killing,1,
2013,6,Karachi,24.9313,67.0374,Murder during dacoity/robbery,1,
2013,6,Karachi,24.9313,67.0374,Highway dacoity/robbery,2,
2013,6,Karachi,24.9313,67.0374,Bank dacoity/robbery,0,
2013,6,Karachi,24.9313,67.0374,Car snatching,5,
2013,7,Karachi,24.8605,67.0261,Murder,41,
2013,7,Karachi,24.8605,67.0261,Murder in the form of target killing,2,
2013,7,Karachi,24.8605,67.0261,Murder during dacoity/robbery,1,
2013,7,Karachi,24.8605,67.0261,Highway dacoity/robbery,0,
2013,7,Karachi,24.8605,67.0261,Bank dacoity/robbery,1,
2013,7,Karachi,24.8605,67.0261,Car snatching,5,
2013,7,Karachi,24.8844,67.1443,Murder,33,
2013,7,Karachi,24.8844,67.1443,Murder in the form of target killing,1,
2013,7,Karachi,24.8844,67.1443,Murder during dacoity/robbery,1,
2013,7,Karachi,24.8844,67.1443,Highway dacoity/robbery,0,
2013,7,Karachi,24.8844,67.1443,Bank dacoity/robbery,1,
2013,7,Karachi,24.8844,67.1443,Car snatching,15,
2013,7,Karachi,25.096,67.1871,Murder,31,
2013,7,Karachi,25.096,67.1871,Murder in the form of target killing,1,
2013,7,Karachi,25.096,67.1871,Murder during dacoity/robbery,1,
2013,7,Karachi,25.096,67.1871,Highway dacoity/robbery,4,
2013,7,Karachi,25.096,67.1871,Bank dacoity/robbery,0,
2013,7,Karachi,25.096,67.1871,Car snatching,4,
2013,7,Karachi,24.8829,66.9748,Murder,66,
2013,7,Karachi,24.8829,66.9748,Murder in the form of target killing,2,
2013,7,Karachi,24.8829,66.9748,Murder during dacoity/robbery,3,
2013,7,Karachi,24.8829,66.9748,Highway dacoity/robbery,0,
2013,7,Karachi,24.8829,66.9748,Bank dacoity/robbery,2,
2013,7,Karachi,24.8829,66.9748,Car snatching,2,
2013,7,Karachi,24.9313,67.0374,Murder,29,
2013,7,Karachi,24.9313,67.0374,Murder in the form of target killing,1,
2013,7,Karachi,24.9313,67.0374,Murder during dacoity/robbery,1,
2013,7,Karachi,24.9313,67.0374,Highway dacoity/robbery,2,
2013,7,Karachi,24.9313,67.0374,Bank dacoity/robbery,0,
2013,7,Karachi,24.9313,67.0374,Car snatching,5,
2013,8,Karachi,24.8605,67.0261,Murder,38,
2013,8,Karachi,24.8605,67.0261,Murder in the form of target killing,4,
2013,8,Karachi,24.8605,67.0261,Murder during dacoity/robbery,1,
2013,8,Karachi,24.8605,67.0261,Highway dacoity/robbery,0,
2013,8,Karachi,24.8605,67.0261,Bank dacoity/robbery,0,
2013,8,Karachi,24.8605,67.0261,Car snatching,0,
2013,8,Karachi,24.8844,67.1443,Murder,41,
2013,8,Karachi,24.8844,67.1443,Murder in the form of target killing,2,
2013,8,Karachi,24.8844,67.1443,Murder during dacoity/robbery,2,
2013,8,Karachi,24.8844,67.1443,Highway dacoity/robbery,0,
2013,8,Karachi,24.8844,67.1443,Bank dacoity/robbery,1,
2013,8,Karachi,24.8844,67.1443,Car snatching,0,
2013,8,Karachi,25.096,67.1871,Murder,45,
2013,8,Karachi,25.096,67.1871,Murder in the form of target killing,3,
2013,8,Karachi,25.096,67.1871,Murder during dacoity/robbery,1,
2013,8,Karachi,25.096,67.1871,Highway dacoity/robbery,7,
2013,8,Karachi,25.096,67.1871,Bank dacoity/robbery,0,
2013,8,Karachi,25.096,67.1871,Car snatching,0,
2013,8,Karachi,24.8829,66.9748,Murder,71,
2013,8,Karachi,24.8829,66.9748,Murder in the form of target killing,5,
2013,8,Karachi,24.8829,66.9748,Murder during dacoity/robbery,3,
2013,8,Karachi,24.8829,66.9748,Highway dacoity/robbery,0,
2013,8,Karachi,24.8829,66.9748,Bank dacoity/robbery,0,
2013,8,Karachi,24.8829,66.9748,Car snatching,1,
2013,8,Karachi,24.9313,67.0374,Murder,24,
2013,8,Karachi,24.9313,67.0374,Murder in the form of target killing,1,
2013,8,Karachi,24.9313,67.0374,Murder during dacoity/robbery,1,
2013,8,Karachi,24.9313,67.0374,Highway dacoity/robbery,0,
2013,8,Karachi,24.9313,67.0374,Bank dacoity/robbery,1,
2013,8,Karachi,24.9313,67.0374,Car snatching,0,
2013,9,Karachi,24.8605,67.0261,Murder,11,
2013,9,Karachi,24.8605,67.0261,Murder in the form of target killing,1,
2013,9,Karachi,24.8605,67.0261,Murder during dacoity/robbery,3,
2013,9,Karachi,24.8605,67.0261,Highway dacoity/robbery,0,
2013,9,Karachi,24.8605,67.0261,Bank dacoity/robbery,0,
2013,9,Karachi,24.8605,67.0261,Car snatching,4,
2013,9,Karachi,24.8844,67.1443,Murder,31,
2013,9,Karachi,24.8844,67.1443,Murder in the form of target killing,4,
2013,9,Karachi,24.8844,67.1443,Murder during dacoity/robbery,1,
2013,9,Karachi,24.8844,67.1443,Highway dacoity/robbery,0,
2013,9,Karachi,24.8844,67.1443,Bank dacoity/robbery,3,
2013,9,Karachi,24.8844,67.1443,Car snatching,20,
2013,9,Karachi,25.096,67.1871,Murder,18,
2013,9,Karachi,25.096,67.1871,Murder in the form of target killing,0,
2013,9,Karachi,25.096,67.1871,Murder during dacoity/robbery,0,
2013,9,Karachi,25.096,67.1871,Highway dacoity/robbery,5,
2013,9,Karachi,25.096,67.1871,Bank dacoity/robbery,0,
2013,9,Karachi,25.096,67.1871,Car snatching,2,
2013,9,Karachi,24.8829,66.9748,Murder,49,
2013,9,Karachi,24.8829,66.9748,Murder in the form of target killing,11,
2013,9,Karachi,24.8829,66.9748,Murder during dacoity/robbery,1,
2013,9,Karachi,24.8829,66.9748,Highway dacoity/robbery,0,
2013,9,Karachi,24.8829,66.9748,Bank dacoity/robbery,0,
2013,9,Karachi,24.8829,66.9748,Car snatching,3,
2013,9,Karachi,24.9313,67.0374,Murder,10,
2013,9,Karachi,24.9313,67.0374,Murder in the form of target killing,3,
2013,9,Karachi,24.9313,67.0374,Murder during dacoity/robbery,1,
2013,9,Karachi,24.9313,67.0374,Highway dacoity/robbery,0,
2013,9,Karachi,24.9313,67.0374,Bank dacoity/robbery,0,
2013,9,Karachi,24.9313,67.0374,Car snatching,11,
2013,10,Karachi,24.8605,67.0261,Murder,24,
2013,10,Karachi,24.8605,67.0261,Murder in the form of target killing,0,
2013,10,Karachi,24.8605,67.0261,Murder during dacoity/robbery,0,
2013,10,Karachi,24.8605,67.0261,Highway dacoity/robbery,0,
2013,10,Karachi,24.8605,67.0261,Bank dacoity/robbery,0,
2013,10,Karachi,24.8605,67.0261,Car snatching,9,
2013,10,Karachi,24.8844,67.1443,Murder,32,
2013,10,Karachi,24.8844,67.1443,Murder in the form of target killing,1,
2013,10,Karachi,24.8844,67.1443,Murder during dacoity/robbery,3,
2013,10,Karachi,24.8844,67.1443,Highway dacoity/robbery,0,
2013,10,Karachi,24.8844,67.1443,Bank dacoity/robbery,0,
2013,10,Karachi,24.8844,67.1443,Car snatching,10,
2013,10,Karachi,25.096,67.1871,Murder,23,
2013,10,Karachi,25.096,67.1871,Murder in the form of target killing,1,
2013,10,Karachi,25.096,67.1871,Murder during dacoity/robbery,3,
2013,10,Karachi,25.096,67.1871,Highway dacoity/robbery,5,
2013,10,Karachi,25.096,67.1871,Bank dacoity/robbery,0,
2013,10,Karachi,25.096,67.1871,Car snatching,5,
2013,10,Karachi,24.8829,66.9748,Murder,36,
2013,10,Karachi,24.8829,66.9748,Murder in the form of target killing,4,
2013,10,Karachi,24.8829,66.9748,Murder during dacoity/robbery,4,
2013,10,Karachi,24.8829,66.9748,Highway dacoity/robbery,0,
2013,10,Karachi,24.8829,66.9748,Bank dacoity/robbery,0,
2013,10,Karachi,24.8829,66.9748,Car snatching,2,
2013,10,Karachi,24.9313,67.0374,Murder,11,
2013,10,Karachi,24.9313,67.0374,Murder in the form of target killing,1,
2013,10,Karachi,24.9313,67.0374,Murder during dacoity/robbery,0,
2013,10,Karachi,24.9313,67.0374,Highway dacoity/robbery,0,
2013,10,Karachi,24.9313,67.0374,Bank dacoity/robbery,2,
2013,10,Karachi,24.9313,67.0374,Car snatching,1,
2013,11,Karachi,24.8605,67.0261,Murder,38,
2013,11,Karachi,24.8605,67.0261,Murder in the form of target killing,1,
2013,11,Karachi,24.8605,67.0261,Murder during dacoity/robbery,1,
2013,11,Karachi,24.8605,67.0261,Highway dacoity/robbery,0,
2013,11,Karachi,24.8605,67.0261,Bank dacoity/robbery,0,
2013,11,Karachi,24.8605,67.0261,Car snatching,6,
2013,11,Karachi,24.8844,67.1443,Murder,21,
2013,11,Karachi,24.8844,67.1443,Murder in the form of target killing,4,
2013,11,Karachi,24.8844,67.1443,Murder during dacoity/robbery,2,
2013,11,Karachi,24.8844,67.1443,Highway dacoity/robbery,0,
2013,11,Karachi,24.8844,67.1443,Bank dacoity/robbery,0,
2013,11,Karachi,24.8844,67.1443,Car snatching,15,
2013,11,Karachi,25.096,67.1871,Murder,17,
2013,11,Karachi,25.096,67.1871,Murder in the form of target killing,0,
2013,11,Karachi,25.096,67.1871,Murder during dacoity/robbery,0,
2013,11,Karachi,25.096,67.1871,Highway dacoity/robbery,5,
2013,11,Karachi,25.096,67.1871,Bank dacoity/robbery,0,
2013,11,Karachi,25.096,67.1871,Car snatching,0,
2013,11,Karachi,24.8829,66.9748,Murder,48,
2013,11,Karachi,24.8829,66.9748,Murder in the form of target killing,4,
2013,11,Karachi,24.8829,66.9748,Murder during dacoity/robbery,2,
2013,11,Karachi,24.8829,66.9748,Highway dacoity/robbery,0,
2013,11,Karachi,24.8829,66.9748,Bank dacoity/robbery,0,
2013,11,Karachi,24.8829,66.9748,Car snatching,1,
2013,11,Karachi,24.9313,67.0374,Murder,12,
2013,11,Karachi,24.9313,67.0374,Murder in the form of target killing,1,
2013,11,Karachi,24.9313,67.0374,Murder during dacoity/robbery,2,
2013,11,Karachi,24.9313,67.0374,Highway dacoity/robbery,0,
2013,11,Karachi,24.9313,67.0374,Bank dacoity/robbery,1,
2013,11,Karachi,24.9313,67.0374,Car snatching,11,
2013,12,Karachi,24.8605,67.0261,Murder,23,
2013,12,Karachi,24.8605,67.0261,Murder in the form of target killing,1,
2013,12,Karachi,24.8605,67.0261,Murder during dacoity/robbery,0,
2013,12,Karachi,24.8605,67.0261,Highway dacoity/robbery,0,
2013,12,Karachi,24.8605,67.0261,Bank dacoity/robbery,0,
2013,12,Karachi,24.8605,67.0261,Car snatching,4,
2013,12,Karachi,24.8844,67.1443,Murder,21,
2013,12,Karachi,24.8844,67.1443,Murder in the form of target killing,1,
2013,12,Karachi,24.8844,67.1443,Murder during dacoity/robbery,1,
2013,12,Karachi,24.8844,67.1443,Highway dacoity/robbery,0,
2013,12,Karachi,24.8844,67.1443,Bank dacoity/robbery,0,
2013,12,Karachi,24.8844,67.1443,Car snatching,14,
2013,12,Karachi,25.096,67.1871,Murder,22,
2013,12,Karachi,25.096,67.1871,Murder in the form of target killing,1,
2013,12,Karachi,25.096,67.1871,Murder during dacoity/robbery,0,
2013,12,Karachi,25.096,67.1871,Highway dacoity/robbery,2,
2013,12,Karachi,25.096,67.1871,Bank dacoity/robbery,2,
2013,12,Karachi,25.096,67.1871,Car snatching,3,
2013,12,Karachi,24.8829,66.9748,Murder,41,
2013,12,Karachi,24.8829,66.9748,Murder in the form of target killing,3,
2013,12,Karachi,24.8829,66.9748,Murder during dacoity/robbery,2,
2013,12,Karachi,24.8829,66.9748,Highway dacoity/robbery,0,
2013,12,Karachi,24.8829,66.9748,Bank dacoity/robbery,0,
2013,12,Karachi,24.8829,66.9748,Car snatching,0,
2013,12,Karachi,24.9313,67.0374,Murder,10,
2013,12,Karachi,24.9313,67.0374,Murder in the form of target killing,3,
2013,12,Karachi,24.9313,67.0374,Murder during dacoity/robbery,3,
2013,12,Karachi,24.9313,67.0374,Highway dacoity/robbery,0,
2013,12,Karachi,24.9313,67.0374,Bank dacoity/robbery,1,
2013,12,Karachi,24.9313,67.0374,Car snatching,6,
2014,1,Karachi,24.8605,67.0261,Murder,24,
2014,1,Karachi,24.8605,67.0261,Murder in the form of target killing,1,
2014,1,Karachi,24.8605,67.0261,Murder during dacoity/robbery,2,
2014,1,Karachi,24.8605,67.0261,Highway dacoity/robbery,0,
2014,1,Karachi,24.8605,67.0261,Bank dacoity/robbery,1,
2014,1,Karachi,24.8605,67.0261,Car snatching,5,
2014,1,Karachi,24.8844,67.1443,Murder,21,
2014,1,Karachi,24.8844,67.1443,Murder in the form of target killing,5,
2014,1,Karachi,24.8844,67.1443,Murder during dacoity/robbery,2,
2014,1,Karachi,24.8844,67.1443,Highway dacoity/robbery,0,
2014,1,Karachi,24.8844,67.1443,Bank dacoity/robbery,0,
2014,1,Karachi,24.8844,67.1443,Car snatching,16,
2014,1,Karachi,25.096,67.1871,Murder,17,
2014,1,Karachi,25.096,67.1871,Murder in the form of target killing,0,
2014,1,Karachi,25.096,67.1871,Murder during dacoity/robbery,3,
2014,1,Karachi,25.096,67.1871,Highway dacoity/robbery,10,
2014,1,Karachi,25.096,67.1871,Bank dacoity/robbery,0,
2014,1,Karachi,25.096,67.1871,Car snatching,4,
2014,1,Karachi,24.8829,66.9748,Murder,49,
2014,1,Karachi,24.8829,66.9748,Murder in the form of target killing,7,
2014,1,Karachi,24.8829,66.9748,Murder during dacoity/robbery,0,
2014,1,Karachi,24.8829,66.9748,Highway dacoity/robbery,0,
2014,1,Karachi,24.8829,66.9748,Bank dacoity/robbery,0,
2014,1,Karachi,24.8829,66.9748,Car snatching,1,
2014,1,Karachi,24.9313,67.0374,Murder,25,
2014,1,Karachi,24.9313,67.0374,Murder in the form of target killing,6,
2014,1,Karachi,24.9313,67.0374,Murder during dacoity/robbery,3,
2014,1,Karachi,24.9313,67.0374,Highway dacoity/robbery,0,
2014,1,Karachi,24.9313,67.0374,Bank dacoity/robbery,1,
2014,1,Karachi,24.9313,67.0374,Car snatching,19,
2014,2,Karachi,24.8605,67.0261,Murder,28,
2014,2,Karachi,24.8605,67.0261,Murder in the form of target killing,0,
2014,2,Karachi,24.8605,67.0261,Murder during dacoity/robbery,0,
2014,2,Karachi,24.8605,67.0261,Highway dacoity/robbery,0,
2014,2,Karachi,24.8605,67.0261,Bank dacoity/robbery,0,
2014,2,Karachi,24.8605,67.0261,Car snatching,6,
2014,2,Karachi,24.8844,67.1443,Murder,9,
2014,2,Karachi,24.8844,67.1443,Murder in the form of target killing,0,
2014,2,Karachi,24.8844,67.1443,Murder during dacoity/robbery,3,
2014,2,Karachi,24.8844,67.1443,Highway dacoity/robbery,0,
2014,2,Karachi,24.8844,67.1443,Bank dacoity/robbery,1,
2014,2,Karachi,24.8844,67.1443,Car snatching,32,
2014,2,Karachi,25.096,67.1871,Murder,23,
2014,2,Karachi,25.096,67.1871,Murder in the form of target killing,0,
2014,2,Karachi,25.096,67.1871,Murder during dacoity/robbery,2,
2014,2,Karachi,25.096,67.1871,Highway dacoity/robbery,6,
2014,2,Karachi,25.096,67.1871,Bank dacoity/robbery,0,
2014,2,Karachi,25.096,67.1871,Car snatching,7,
2014,2,Karachi,24.8829,66.9748,Murder,40,
2014,2,Karachi,24.8829,66.9748,Murder in the form of target killing,0,
2014,2,Karachi,24.8829,66.9748,Murder during dacoity/robbery,3,
2014,2,Karachi,24.8829,66.9748,Highway dacoity/robbery,0,
2014,2,Karachi,24.8829,66.9748,Bank dacoity/robbery,1,
2014,2,Karachi,24.8829,66.9748,Car snatching,3,
2014,2,Karachi,24.9313,67.0374,Murder,25,
2014,2,Karachi,24.9313,67.0374,Murder in the form of target killing,0,
2014,2,Karachi,24.9313,67.0374,Murder during dacoity/robbery,0,
2014,2,Karachi,24.9313,67.0374,Highway dacoity/robbery,0,
2014,2,Karachi,24.9313,67.0374,Bank dacoity/robbery,1,
2014,2,Karachi,24.9313,67.0374,Car snatching,21,
2014,3,Karachi,24.8605,67.0261,Murder,26,
2014,3,Karachi,24.8605,67.0261,Murder in the form of target killing,0,
2014,3,Karachi,24.8605,67.0261,Murder during dacoity/robbery,0,
2014,3,Karachi,24.8605,67.0261,Highway dacoity/robbery,0,
2014,3,Karachi,24.8605,67.0261,Bank dacoity/robbery,1,
2014,3,Karachi,24.8605,67.0261,Car snatching,9,
2014,3,Karachi,24.8844,67.1443,Murder,19,
2014,3,Karachi,24.8844,67.1443,Murder in the form of target killing,0,
2014,3,Karachi,24.8844,67.1443,Murder during dacoity/robbery,4,
2014,3,Karachi,24.8844,67.1443,Highway dacoity/robbery,0,
2014,3,Karachi,24.8844,67.1443,Bank dacoity/robbery,1,
2014,3,Karachi,24.8844,67.1443,Car snatching,38,
2014,3,Karachi,25.096,67.1871,Murder,19,
2014,3,Karachi,25.096,67.1871,Murder in the form of target killing,0,
2014,3,Karachi,25.096,67.1871,Murder during dacoity/robbery,2,
2014,3,Karachi,25.096,67.1871,Highway dacoity/robbery,4,
2014,3,Karachi,25.096,67.1871,Bank dacoity/robbery,0,
2014,3,Karachi,25.096,67.1871,Car snatching,1,
2014,3,Karachi,24.8829,66.9748,Murder,50,
2014,3,Karachi,24.8829,66.9748,Murder in the form of target killing,0,
2014,3,Karachi,24.8829,66.9748,Murder during dacoity/robbery,1,
2014,3,Karachi,24.8829,66.9748,Highway dacoity/robbery,0,
2014,3,Karachi,24.8829,66.9748,Bank dacoity/robbery,0,
2014,3,Karachi,24.8829,66.9748,Car snatching,0,
2014,3,Karachi,24.9313,67.0374,Murder,24,
2014,3,Karachi,24.9313,67.0374,Murder in the form of target killing,0,
2014,3,Karachi,24.9313,67.0374,Murder during dacoity/robbery,1,
2014,3,Karachi,24.9313,67.0374,Highway dacoity/robbery,0,
2014,3,Karachi,24.9313,67.0374,Bank dacoity/robbery,4,
2014,3,Karachi,24.9313,67.0374,Car snatching,10,
2014,4,Karachi,24.8605,67.0261,Murder,15,
2014,4,Karachi,24.8605,67.0261,Murder in the form of target killing,0,
2014,4,Karachi,24.8605,67.0261,Murder during dacoity/robbery,4,
2014,4,Karachi,24.8605,67.0261,Highway dacoity/robbery,0,
2014,4,Karachi,24.8605,67.0261,Bank dacoity/robbery,0,
2014,4,Karachi,24.8605,67.0261,Car snatching,10,
2014,4,Karachi,24.8844,67.1443,Murder,25,
2014,4,Karachi,24.8844,67.1443,Murder in the form of target killing,0,
2014,4,Karachi,24.8844,67.1443,Murder during dacoity/robbery,2,
2014,4,Karachi,24.8844,67.1443,Highway dacoity/robbery,0,
2014,4,Karachi,24.8844,67.1443,Bank dacoity/robbery,2,
2014,4,Karachi,24.8844,67.1443,Car snatching,27,
2014,4,Karachi,25.096,67.1871,Murder,15,
2014,4,Karachi,25.096,67.1871,Murder in the form of target killing,0,
2014,4,Karachi,25.096,67.1871,Murder during dacoity/robbery,5,
2014,4,Karachi,25.096,67.1871,Highway dacoity/robbery,1,
2014,4,Karachi,25.096,67.1871,Bank dacoity/robbery,0,
2014,4,Karachi,25.096,67.1871,Car snatching,3,
2014,4,Karachi,24.8829,66.9748,Murder,36,
2014,4,Karachi,24.8829,66.9748,Murder in the form of target killing,0,
2014,4,Karachi,24.8829,66.9748,Murder during dacoity/robbery,2,
2014,4,Karachi,24.8829,66.9748,Highway dacoity/robbery,0,
2014,4,Karachi,24.8829,66.9748,Bank dacoity/robbery,0,
2014,4,Karachi,24.8829,66.9748,Car snatching,0,
2014,4,Karachi,24.9313,67.0374,Murder,31,
2014,4,Karachi,24.9313,67.0374,Murder in the form of target killing,0,
2014,4,Karachi,24.9313,67.0374,Murder during dacoity/robbery,1,
2014,4,Karachi,24.9313,67.0374,Highway dacoity/robbery,0,
2014,4,Karachi,24.9313,67.0374,Bank dacoity/robbery,0,
2014,4,Karachi,24.9313,67.0374,Car snatching,4,
2014,5,Karachi,24.8605,67.0261,Murder,23,
2014,5,Karachi,24.8605,67.0261,Murder in the form of target killing,1,
2014,5,Karachi,24.8605,67.0261,Murder during dacoity/robbery,1,
2014,5,Karachi,24.8605,67.0261,Highway dacoity/robbery,0,
2014,5,Karachi,24.8605,67.0261,Bank dacoity/robbery,0,
2014,5,Karachi,24.8605,67.0261,Car snatching,9,
2014,5,Karachi,24.8844,67.1443,Murder,21,
2014,5,Karachi,24.8844,67.1443,Murder in the form of target killing,2,
2014,5,Karachi,24.8844,67.1443,Murder during dacoity/robbery,0,
2014,5,Karachi,24.8844,67.1443,Highway dacoity/robbery,0,
2014,5,Karachi,24.8844,67.1443,Bank dacoity/robbery,0,
2014,5,Karachi,24.8844,67.1443,Car snatching,18,
2014,5,Karachi,25.096,67.1871,Murder,15,
2014,5,Karachi,25.096,67.1871,Murder in the form of target killing,1,
2014,5,Karachi,25.096,67.1871,Murder during dacoity/robbery,1,
2014,5,Karachi,25.096,67.1871,Highway dacoity/robbery,5,
2014,5,Karachi,25.096,67.1871,Bank dacoity/robbery,0,
2014,5,Karachi,25.096,67.1871,Car snatching,3,
2014,5,Karachi,24.8829,66.9748,Murder,44,
2014,5,Karachi,24.8829,66.9748,Murder in the form of target killing,2,
2014,5,Karachi,24.8829,66.9748,Murder during dacoity/robbery,3,
2014,5,Karachi,24.8829,66.9748,Highway dacoity/robbery,0,
2014,5,Karachi,24.8829,66.9748,Bank dacoity/robbery,0,
2014,5,Karachi,24.8829,66.9748,Car snatching,0,
2014,5,Karachi,24.9313,67.0374,Murder,31,
2014,5,Karachi,24.9313,67.0374,Murder in the form of target killing,2,
2014,5,Karachi,24.9313,67.0374,Murder during dacoity/robbery,0,
2014,5,Karachi,24.9313,67.0374,Highway dacoity/robbery,0,
2014,5,Karachi,24.9313,67.0374,Bank dacoity/robbery,0,
2014,5,Karachi,24.9313,67.0374,Car snatching,12,
2014,6,Karachi,24.8605,67.0261,Murder,11,
2014,6,Karachi,24.8605,67.0261,Murder in the form of target killing,2,
2014,6,Karachi,24.8605,67.0261,Murder during dacoity/robbery,0,
2014,6,Karachi,24.8605,67.0261,Highway dacoity/robbery,0,
2014,6,Karachi,24.8605,67.0261,Bank dacoity/robbery,0,
2014,6,Karachi,24.8605,67.0261,Car snatching,8,
2014,6,Karachi,24.8844,67.1443,Murder,27,
2014,6,Karachi,24.8844,67.1443,Murder in the form of target killing,3,
2014,6,Karachi,24.8844,67.1443,Murder during dacoity/robbery,1,
2014,6,Karachi,24.8844,67.1443,Highway dacoity/robbery,0,
2014,6,Karachi,24.8844,67.1443,Bank dacoity/robbery,1,
2014,6,Karachi,24.8844,67.1443,Car snatching,8,
2014,6,Karachi,25.096,67.1871,Murder,14,
2014,6,Karachi,25.096,67.1871,Murder in the form of target killing,0,
2014,6,Karachi,25.096,67.1871,Murder during dacoity/robbery,2,
2014,6,Karachi,25.096,67.1871,Highway dacoity/robbery,1,
2014,6,Karachi,25.096,67.1871,Bank dacoity/robbery,0,
2014,6,Karachi,25.096,67.1871,Car snatching,1,
2014,6,Karachi,24.8829,66.9748,Murder,38,
2014,6,Karachi,24.8829,66.9748,Murder in the form of target killing,8,
2014,6,Karachi,24.8829,66.9748,Murder during dacoity/robbery,1,
2014,6,Karachi,24.8829,66.9748,Highway dacoity/robbery,0,
2014,6,Karachi,24.8829,66.9748,Bank dacoity/robbery,0,
2014,6,Karachi,24.8829,66.9748,Car snatching,0,
2014,6,Karachi,24.9313,67.0374,Murder,21,
2014,6,Karachi,24.9313,67.0374,Murder in the form of target killing,5,
2014,6,Karachi,24.9313,67.0374,Murder during dacoity/robbery,3,
2014,6,Karachi,24.9313,67.0374,Highway dacoity/robbery,0,
2014,6,Karachi,24.9313,67.0374,Bank dacoity/robbery,1,
2014,6,Karachi,24.9313,67.0374,Car snatching,5,
2014,7,Karachi,24.8605,67.0261,Murder,12,
2014,7,Karachi,24.8605,67.0261,Murder in the form of target killing,2,
2014,7,Karachi,24.8605,67.0261,Murder during dacoity/robbery,1,
2014,7,Karachi,24.8605,67.0261,Highway dacoity/robbery,0,
2014,7,Karachi,24.8605,67.0261,Bank dacoity/robbery,0,
2014,7,Karachi,24.8605,67.0261,Car snatching,2,
2014,7,Karachi,24.8844,67.1443,Murder,29,
2014,7,Karachi,24.8844,67.1443,Murder in the form of target killing,2,
2014,7,Karachi,24.8844,67.1443,Murder during dacoity/robbery,2,
2014,7,Karachi,24.8844,67.1443,Highway dacoity/robbery,0,
2014,7,Karachi,24.8844,67.1443,Bank dacoity/robbery,0,
2014,7,Karachi,24.8844,67.1443,Car snatching,8,
2014,7,Karachi,25.096,67.1871,Murder,24,
2014,7,Karachi,25.096,67.1871,Murder in the form of target killing,4,
2014,7,Karachi,25.096,67.1871,Murder during dacoity/robbery,3,
2014,7,Karachi,25.096,67.1871,Highway dacoity/robbery,7,
2014,7,Karachi,25.096,67.1871,Bank dacoity/robbery,0,
2014,7,Karachi,25.096,67.1871,Car snatching,0,
2014,7,Karachi,24.8829,66.9748,Murder,25,
2014,7,Karachi,24.8829,66.9748,Murder in the form of target killing,5,
2014,7,Karachi,24.8829,66.9748,Murder during dacoity/robbery,1,
2014,7,Karachi,24.8829,66.9748,Highway dacoity/robbery,0,
2014,7,Karachi,24.8829,66.9748,Bank dacoity/robbery,0,
2014,7,Karachi,24.8829,66.9748,Car snatching,1,
2014,7,Karachi,24.9313,67.0374,Murder,17,
2014,7,Karachi,24.9313,67.0374,Murder in the form of target killing,2,
2014,7,Karachi,24.9313,67.0374,Murder during dacoity/robbery,5,
2014,7,Karachi,24.9313,67.0374,Highway dacoity/robbery,0,
2014,7,Karachi,24.9313,67.0374,Bank dacoity/robbery,0,
2014,7,Karachi,24.9313,67.0374,Car snatching,8,
2014,8,Karachi,24.8605,67.0261,Murder,19,
2014,8,Karachi,24.8605,67.0261,Murder in the form of target killing,1,
2014,8,Karachi,24.8605,67.0261,Murder during dacoity/robbery,2,
2014,8,Karachi,24.8605,67.0261,Highway dacoity/robbery,0,
2014,8,Karachi,24.8605,67.0261,Bank dacoity/robbery,0,
2014,8,Karachi,24.8605,67.0261,Car snatching,2,
2014,8,Karachi,24.8844,67.1443,Murder,21,
2014,8,Karachi,24.8844,67.1443,Murder in the form of target killing,3,
2014,8,Karachi,24.8844,67.1443,Murder during dacoity/robbery,2,
2014,8,Karachi,24.8844,67.1443,Highway dacoity/robbery,0,
2014,8,Karachi,24.8844,67.1443,Bank dacoity/robbery,0,
2014,8,Karachi,24.8844,67.1443,Car snatching,14,
2014,8,Karachi,25.096,67.1871,Murder,23,
2014,8,Karachi,25.096,67.1871,Murder in the form of target killing,3,
2014,8,Karachi,25.096,67.1871,Murder during dacoity/robbery,1,
2014,8,Karachi,25.096,67.1871,Highway dacoity/robbery,7,
2014,8,Karachi,25.096,67.1871,Bank dacoity/robbery,0,
2014,8,Karachi,25.096,67.1871,Car snatching,0,
2014,8,Karachi,24.8829,66.9748,Murder,39,
2014,8,Karachi,24.8829,66.9748,Murder in the form of target killing,4,
2014,8,Karachi,24.8829,66.9748,Murder during dacoity/robbery,0,
2014,8,Karachi,24.8829,66.9748,Highway dacoity/robbery,0,
2014,8,Karachi,24.8829,66.9748,Bank dacoity/robbery,0,
2014,8,Karachi,24.8829,66.9748,Car snatching,0,
2014,8,Karachi,24.9313,67.0374,Murder,16,
2014,8,Karachi,24.9313,67.0374,Murder in the form of target killing,1,
2014,8,Karachi,24.9313,67.0374,Murder during dacoity/robbery,2,
2014,8,Karachi,24.9313,67.0374,Highway dacoity/robbery,0,
2014,8,Karachi,24.9313,67.0374,Bank dacoity/robbery,0,
2014,8,Karachi,24.9313,67.0374,Car snatching,7,
2014,9,Karachi,24.8605,67.0261,Murder,24,
2014,9,Karachi,24.8605,67.0261,Murder in the form of target killing,1,
2014,9,Karachi,24.8605,67.0261,Murder during dacoity/robbery,1,
2014,9,Karachi,24.8605,67.0261,Highway dacoity/robbery,0,
2014,9,Karachi,24.8605,67.0261,Bank dacoity/robbery,1,
2014,9,Karachi,24.8605,67.0261,Car snatching,6,
2014,9,Karachi,24.8844,67.1443,Murder,19,
2014,9,Karachi,24.8844,67.1443,Murder in the form of target killing,1,
2014,9,Karachi,24.8844,67.1443,Murder during dacoity/robbery,0,
2014,9,Karachi,24.8844,67.1443,Highway dacoity/robbery,0,
2014,9,Karachi,24.8844,67.1443,Bank dacoity/robbery,2,
2014,9,Karachi,24.8844,67.1443,Car snatching,25,
2014,9,Karachi,25.096,67.1871,Murder,22,
2014,9,Karachi,25.096,67.1871,Murder in the form of target killing,0,
2014,9,Karachi,25.096,67.1871,Murder during dacoity/robbery,2,
2014,9,Karachi,25.096,67.1871,Highway dacoity/robbery,1,
2014,9,Karachi,25.096,67.1871,Bank dacoity/robbery,0,
2014,9,Karachi,25.096,67.1871,Car snatching,0,
2014,9,Karachi,24.8829,66.9748,Murder,32,
2014,9,Karachi,24.8829,66.9748,Murder in the form of target killing,5,
2014,9,Karachi,24.8829,66.9748,Murder during dacoity/robbery,7,
2014,9,Karachi,24.8829,66.9748,Highway dacoity/robbery,0,
2014,9,Karachi,24.8829,66.9748,Bank dacoity/robbery,1,
2014,9,Karachi,24.8829,66.9748,Car snatching,5,
2014,9,Karachi,24.9313,67.0374,Murder,17,
2014,9,Karachi,24.9313,67.0374,Murder in the form of target killing,6,
2014,9,Karachi,24.9313,67.0374,Murder during dacoity/robbery,2,
2014,9,Karachi,24.9313,67.0374,Highway dacoity/robbery,0,
2014,9,Karachi,24.9313,67.0374,Bank dacoity/robbery,0,
2014,9,Karachi,24.9313,67.0374,Car snatching,3,
2014,10,Karachi,24.8605,67.0261,Murder,27,
2014,10,Karachi,24.8605,67.0261,Murder in the form of target killing,0,
2014,10,Karachi,24.8605,67.0261,Murder during dacoity/robbery,1,
2014,10,Karachi,24.8605,67.0261,Highway dacoity/robbery,0,
2014,10,Karachi,24.8605,67.0261,Bank dacoity/robbery,0,
2014,10,Karachi,24.8605,67.0261,Car snatching,6,
2014,10,Karachi,24.8844,67.1443,Murder,21,
2014,10,Karachi,24.8844,67.1443,Murder in the form of target killing,0,
2014,10,Karachi,24.8844,67.1443,Murder during dacoity/robbery,2,
2014,10,Karachi,24.8844,67.1443,Highway dacoity/robbery,0,
2014,10,Karachi,24.8844,67.1443,Bank dacoity/robbery,1,
2014,10,Karachi,24.8844,67.1443,Car snatching,29,
2014,10,Karachi,25.096,67.1871,Murder,32,
2014,10,Karachi,25.096,67.1871,Murder in the form of target killing,0,
2014,10,Karachi,25.096,67.1871,Murder during dacoity/robbery,1,
2014,10,Karachi,25.096,67.1871,Highway dacoity/robbery,3,
2014,10,Karachi,25.096,67.1871,Bank dacoity/robbery,0,
2014,10,Karachi,25.096,67.1871,Car snatching,0,
2014,10,Karachi,24.8829,66.9748,Murder,24,
2014,10,Karachi,24.8829,66.9748,Murder in the form of target killing,0,
2014,10,Karachi,24.8829,66.9748,Murder during dacoity/robbery,0,
2014,10,Karachi,24.8829,66.9748,Highway dacoity/robbery,0,
2014,10,Karachi,24.8829,66.9748,Bank dacoity/robbery,0,
2014,10,Karachi,24.8829,66.9748,Car snatching,7,
2014,10,Karachi,24.9313,67.0374,Murder,11,
2014,10,Karachi,24.9313,67.0374,Murder in the form of target killing,0,
2014,10,Karachi,24.9313,67.0374,Murder during dacoity/robbery,3,
2014,10,Karachi,24.9313,67.0374,Highway dacoity/robbery,0,
2014,10,Karachi,24.9313,67.0374,Bank dacoity/robbery,0,
2014,10,Karachi,24.9313,67.0374,Car snatching,0,
2014,11,Karachi,24.8605,67.0261,Murder,19,
2014,11,Karachi,24.8605,67.0261,Murder in the form of target killing,0,
2014,11,Karachi,24.8605,67.0261,Murder during dacoity/robbery,1,
2014,11,Karachi,24.8605,67.0261,Highway dacoity/robbery,0,
2014,11,Karachi,24.8605,67.0261,Bank dacoity/robbery,0,
2014,11,Karachi,24.8605,67.0261,Car snatching,3,
2014,11,Karachi,24.8844,67.1443,Murder,23,
2014,11,Karachi,24.8844,67.1443,Murder in the form of target killing,0,
2014,11,Karachi,24.8844,67.1443,Murder during dacoity/robbery,2,
2014,11,Karachi,24.8844,67.1443,Highway dacoity/robbery,0,
2014,11,Karachi,24.8844,67.1443,Bank dacoity/robbery,2,
2014,11,Karachi,24.8844,67.1443,Car snatching,20,
2014,11,Karachi,25.096,67.1871,Murder,32,
2014,11,Karachi,25.096,67.1871,Murder in the form of target killing,0,
2014,11,Karachi,25.096,67.1871,Murder during dacoity/robbery,1,
2014,11,Karachi,25.096,67.1871,Highway dacoity/robbery,0,
2014,11,Karachi,25.096,67.1871,Bank dacoity/robbery,0,
2014,11,Karachi,25.096,67.1871,Car snatching,0,
2014,11,Karachi,24.8829,66.9748,Murder,10,
2014,11,Karachi,24.8829,66.9748,Murder in the form of target killing,0,
2014,11,Karachi,24.8829,66.9748,Murder during dacoity/robbery,2,
2014,11,Karachi,24.8829,66.9748,Highway dacoity/robbery,0,
2014,11,Karachi,24.8829,66.9748,Bank dacoity/robbery,2,
2014,11,Karachi,24.8829,66.9748,Car snatching,5,
2014,11,Karachi,24.9313,67.0374,Murder,18,
2014,11,Karachi,24.9313,67.0374,Murder in the form of target killing,0,
2014,11,Karachi,24.9313,67.0374,Murder during dacoity/robbery,1,
2014,11,Karachi,24.9313,67.0374,Highway dacoity/robbery,0,
2014,11,Karachi,24.9313,67.0374,Bank dacoity/robbery,0,
2014,11,Karachi,24.9313,67.0374,Car snatching,1,
2014,12,Karachi,24.8605,67.0261,Murder,24,
2014,12,Karachi,24.8605,67.0261,Murder in the form of target killing,0,
2014,12,Karachi,24.8605,67.0261,Murder during dacoity/robbery,2,
2014,12,Karachi,24.8605,67.0261,Highway dacoity/robbery,0,
2014,12,Karachi,24.8605,67.0261,Bank dacoity/robbery,0,
2014,12,Karachi,24.8605,67.0261,Car snatching,6,
2014,12,Karachi,24.8844,67.1443,Murder,25,
2014,12,Karachi,24.8844,67.1443,Murder in the form of target killing,0,
2014,12,Karachi,24.8844,67.1443,Murder during dacoity/robbery,1,
2014,12,Karachi,24.8844,67.1443,Highway dacoity/robbery,0,
2014,12,Karachi,24.8844,67.1443,Bank dacoity/robbery,0,
2014,12,Karachi,24.8844,67.1443,Car snatching,11,
2014,12,Karachi,25.096,67.1871,Murder,30,
2014,12,Karachi,25.096,67.1871,Murder in the form of target killing,0,
2014,12,Karachi,25.096,67.1871,Murder during dacoity/robbery,2,
2014,12,Karachi,25.096,67.1871,Highway dacoity/robbery,4,
2014,12,Karachi,25.096,67.1871,Bank dacoity/robbery,0,
2014,12,Karachi,25.096,67.1871,Car snatching,1,
2014,12,Karachi,24.8829,66.9748,Murder,18,
2014,12,Karachi,24.8829,66.9748,Murder in the form of target killing,0,
2014,12,Karachi,24.8829,66.9748,Murder during dacoity/robbery,2,
2014,12,Karachi,24.8829,66.9748,Highway dacoity/robbery,0,
2014,12,Karachi,24.8829,66.9748,Bank dacoity/robbery,0,
2014,12,Karachi,24.8829,66.9748,Car snatching,0,
2014,12,Karachi,24.9313,67.0374,Murder,12,
2014,12,Karachi,24.9313,67.0374,Murder in the form of target killing,0,
2014,12,Karachi,24.9313,67.0374,Murder during dacoity/robbery,1,
2014,12,Karachi,24.9313,67.0374,Highway dacoity/robbery,0,
2014,12,Karachi,24.9313,67.0374,Bank dacoity/robbery,0,
2014,12,Karachi,24.9313,67.0374,Car snatching,8,
